region,club,type,distance,date,finishers,dnf,eid
TX: Dallas,Lone Star Randonneurs / 943026,RUSAP,100,2019/01/01,5,0.0,10077
CA: Los Angeles,Channel Islands Bike Club / 905082,ACPB,200,2019/01/01,8,2.0,10423
CA: Davis,Davis Bike Club / 905014,ACPB,200,2019/01/01,24,1.0,9450
CA: Davis,Davis Bike Club / 905014,RUSAP,103,2019/01/01,6,0.0,9451
VA: Tidewater,Tidewater Randonneurs / 946002,RUSAP,100,2019/01/01,3,0.0,10050
TX: Dallas,Lone Star Randonneurs / 943026,ACPB,200,2019/01/01,12,0.0,10078
MO: Kansas City,Audax Kansas City / 925005,ACPB,200,2019/01/01,11,0.0,9843
FL: Southern,South Florida Randonneurs / 909014,ACPB,200,2019/01/05,39,1.0,9862
TX: Houston,Houston Randonneurs / 943030,ACPB,200,2019/01/05,7,0.0,10012
PA: Eastern,Pennsylvania Randonneurs / 938017,RUSAB,200,2019/01/05,6,1.0,10035
TX: Houston,Houston Randonneurs / 943030,RUSAP,111,2019/01/05,0,,10011
AZ: Phoenix,Arizona Randonneurs / 903020,RUSAP,100,2019/01/05,13,2.0,10259
AZ: Phoenix,Arizona Randonneurs / 903020,ACPB,200,2019/01/05,26,0.0,10260
NC: High Point,Bicycle For Life Club / 933057,ACPB,200,2019/01/05,28,2.0,10354
MO: Kansas City,Audax Kansas City / 925005,RUSAP,100,2019/01/05,5,0.0,9842
TX: Austin,Hill Country Randonneurs / 943025,ACPB,200,2019/01/05,10,0.0,9818
FL: Gainesville,Gainesville Cycling Club / 909005,ACPB,200,2019/01/05,46,2.0,10222
CA: San Diego,San Diego Randonneurs / 905140,RUSAP,101,2019/01/06,2,0.0,10704
TX: Austin,Hill Country Randonneurs / 943025,ACPB,200,2019/01/12,12,1.0,9819
CO: Boulder,Rocky Mountain Cycling Club / 906002,ACPB,200,2019/01/12,25,0.0,10481
OK: Norman,Oklahoma Randonneurs / 936006,ACPB,200,2019/01/12,0,,9965
GA: Atlanta,Audax Atlanta / 910004,ACPB,200,2019/01/12,10,0.0,9796
CA: Los Angeles,Channel Islands Bike Club / 905082,ACPB,200,2019/01/12,32,1.0,10424
AL: Birmingham,Montgomery Bicycle Club / 901005,RUSAP,102,2019/01/12,1,0.0,9779
MD: Capital Region,DC Randonneurs / 946012,RUSAP,106,2019/01/12,1,0.0,10286
CA: San Francisco,San Francisco Randonneurs / 905030,RUSAP,117,2019/01/13,62,5.0,9977
OK: Norman,Oklahoma Randonneurs / 936006,ACPB,300,2019/01/13,0,,9966
FL: Central,Central Florida Randonneurs / 909062,ACPB,200,2019/01/19,71,2.0,10559
CA: San Luis Obispo,San Luis Obispo Randonneurs / 905166,ACPB,200,2019/01/19,9,0.0,10512
MO: St. Louis,St Louis Randonneurs / 925006,ACPB,200,2019/01/19,0,,10517
NC: High Point,Bicycle For Life Club / 933057,ACPB,300,2019/01/19,0,,10356
TN: Nashville,Harpeth Bicycle Club / 942046,ACPB,200,2019/01/19,0,,10147
CA: Santa Rosa,Santa Rosa Randonneurs / 905171,ACPB,200,2019/01/19,64,3.0,10064
NC: High Point,Bicycle For Life Club / 933057,ACPB,200,2019/01/19,5,0.0,10355
TN: Nashville,Harpeth Bicycle Club / 942046,RUSAP,100,2019/01/19,0,,10146
CA: San Diego,San Diego Randonneurs / 905140,ACPB,200,2019/01/19,31,1.0,9975
TX: Dallas,Lone Star Randonneurs / 943026,ACPB,200,2019/01/19,0,,10079
CA: San Luis Obispo,San Luis Obispo Randonneurs / 905166,RUSAP,122,2019/01/19,0,,10705
LA: New Orleans,Crescent City Randonneurs / 918002,ACPB,200,2019/01/19,0,2.0,10301
TX: Dallas,Lone Star Randonneurs / 943026,ACPB,300,2019/01/19,7,0.0,10080
CA: San Diego,San Diego Randonneurs / 905140,RUSAP,101,2019/01/19,0,,9948
FL: Central,Central Florida Randonneurs / 909062,ACPB,300,2019/01/20,39,1.0,10560
CA: San Diego,San Diego Randonneurs / 905140,ACPB,200,2019/01/20,3,0.0,9934
FL: Southern,South Florida Randonneurs / 909014,ACPB,300,2019/01/26,20,3.0,9863
CA: San Francisco,San Francisco Randonneurs / 905030,ACPB,200,2019/01/26,103,3.0,9978
TX: Houston,Houston Randonneurs / 943030,ACPB,300,2019/01/26,6,0.0,10015
CA: San Diego,San Diego Randonneurs / 905140,ACPB,200,2019/01/26,7,0.0,9935
TX: Houston,Houston Randonneurs / 943030,ACPB,200,2019/01/26,1,0.0,10014
TX: West Texas,West Texas Randonneurs / 943003,ACPB,200,2019/01/26,0,,10144
TX: Houston,Houston Randonneurs / 943030,RUSAP,111,2019/01/26,0,,10013
PA: Eastern,Pennsylvania Randonneurs / 938017,RUSAB,200,2019/02/02,2,0.0,10036
NC: High Point,Bicycle For Life Club / 933057,ACPB,300,2019/02/02,5,1.0,10357
TN: Nashville,Harpeth Bicycle Club / 942046,RUSAP,100,2019/02/02,0,,10148
AZ: Phoenix,Arizona Randonneurs / 903020,ACPB,300,2019/02/02,28,1.0,10261
TX: Austin,Hill Country Randonneurs / 943025,ACPB,200,2019/02/02,0,,9820
CA: Los Angeles,Channel Islands Bike Club / 905082,ACPB,200,2019/02/02,0,,10425
NC: High Point,Bicycle For Life Club / 933057,ACPB,400,2019/02/02,13,0.0,10358
TX: Austin,Hill Country Randonneurs / 943025,ACPB,300,2019/02/02,10,0.0,9821
TN: Nashville,Harpeth Bicycle Club / 942046,ACPB,200,2019/02/02,9,3.0,10149
CA: San Diego,San Diego Randonneurs / 905140,RUSAP,104,2019/02/03,4,0.0,9949
CA: Davis,Davis Bike Club / 905014,RUSAP,100,2019/02/03,10,1.0,10367
CO: Boulder,Rocky Mountain Cycling Club / 906002,ACPB,200,2019/02/09,13,0.0,10482
CA: Los Angeles,Channel Islands Bike Club / 905082,ACPB,300,2019/02/09,24,5.0,10426
TX: Dallas,Lone Star Randonneurs / 943026,RUSAP,101,2019/02/09,8,1.0,10081
GA: Atlanta,Audax Atlanta / 910004,ACPB,300,2019/02/09,14,0.0,9797
FL: Gainesville,Gainesville Cycling Club / 909005,ACPB,300,2019/02/09,38,3.0,10223
CA: San Francisco,San Francisco Randonneurs / 905030,ACPB,200,2019/02/09,48,4.0,9979
OR: Portland,Oregon Randonneurs / 937020,ACPB,200,2019/02/09,14,2.0,10460
PA: Eastern,Pennsylvania Randonneurs / 938017,RUSAB,200,2019/02/09,15,2.0,10715
CA: San Diego,San Diego Randonneurs / 905140,ACPB,200,2019/02/10,0,,9936
TN: Nashville,Harpeth Bicycle Club / 942046,ACPB,200,2019/02/16,10,0.0,10150
CA: Santa Rosa,Santa Rosa Randonneurs / 905171,ACPB,200,2019/02/16,38,4.0,10065
TX: Dallas,Lone Star Randonneurs / 943026,ACPB,200,2019/02/16,8,0.0,10083
TX: Dallas,Lone Star Randonneurs / 943026,RUSAP,100,2019/02/16,1,0.0,10082
AL: Birmingham,Montgomery Bicycle Club / 901005,ACPB,200,2019/02/16,19,1.0,9780
FL: Southern,South Florida Randonneurs / 909014,ACPB,400,2019/02/16,17,0.0,9864
CA: San Diego,San Diego Randonneurs / 905140,RUSAP,100,2019/02/16,1,0.0,9950
TN: Nashville,Harpeth Bicycle Club / 942046,ACPB,300,2019/02/16,9,0.0,10151
TX: Dallas,Lone Star Randonneurs / 943026,ACPB,300,2019/02/16,4,1.0,10084
CA: San Luis Obispo,San Luis Obispo Randonneurs / 905166,ACPB,200,2019/02/16,16,1.0,10513
CA: San Diego,San Diego Randonneurs / 905140,ACPB,300,2019/02/17,8,2.0,9937
CA: San Luis Obispo,San Luis Obispo Randonneurs / 905166,ACPB,300,2019/02/17,17,7.0,10514
TX: Houston,Houston Randonneurs / 943030,ACPB,400,2019/02/23,4,1.0,10018
TX: Houston,Houston Randonneurs / 943030,ACPB,300,2019/02/23,0,,10017
TX: Austin,Hill Country Randonneurs / 943025,ACPB,300,2019/02/23,3,1.0,9822
CA: San Francisco,San Francisco Randonneurs / 905030,ACPB,200,2019/02/23,22,3.0,9980
KY: Louisville,Louisville Bicycle Club / 917002,ACPB,200,2019/02/23,7,0.0,10266
TX: Houston,Houston Randonneurs / 943030,ACPB,200,2019/02/23,0,,10016
NC: Asheville,Asheville International Randonneurs / 933011,ACPB,200,2019/02/23,11,4.0,10135
LA: New Orleans,Crescent City Randonneurs / 918002,ACPB,200,2019/02/23,3,0.0,10302
AZ: Tucson,PAC Tour / 949005,ACPB,200,2019/02/23,6,0.0,10004
AZ: Tucson,PAC Tour / 949005,ACPB,200,2019/02/23,0,,9925
NC: High Point,Bicycle For Life Club / 933057,ACPB,400,2019/02/23,6,3.0,10359
NC: High Point,Bicycle For Life Club / 933057,ACPB,600,2019/02/23,7,0.0,10360
TX: West Texas,West Texas Randonneurs / 943003,ACPB,200,2019/02/23,0,,10145
NY: Central/Western,Rochester Bicycling Club / 932030,ACPB,200,2019/02/24,5,0.0,10540
OR: Eugene,South Willamette Randonneurs / 937003,RUSAP,100,2019/02/24,0,,10401
AZ: Phoenix,Arizona Randonneurs / 903020,ACPB,400,2019/03/02,23,2.0,10262
CA: Davis,Davis Bike Club / 905014,ACPB,200,2019/03/02,16,2.0,10368
NC: Asheville,Asheville International Randonneurs / 933011,ACPB,300,2019/03/02,12,0.0,10136
AZ: Tucson,PAC Tour / 949005,ACPB,200,2019/03/02,0,,10005
CA: Los Angeles,Channel Islands Bike Club / 905082,ACPB,300,2019/03/02,27,0.0,10427
TN: Nashville,Harpeth Bicycle Club / 942046,ACPB,200,2019/03/02,4,2.0,10153
TX: Austin,Hill Country Randonneurs / 943025,ACPB,200,2019/03/02,1,0.0,9823
TN: Nashville,Harpeth Bicycle Club / 942046,RUSAP,100,2019/03/02,0,,10152
TX: Austin,Hill Country Randonneurs / 943025,ACPB,400,2019/03/02,13,0.0,9824
AZ: Tucson,PAC Tour / 949005,ACPB,200,2019/03/02,0,1.0,9926
OK: Norman,Oklahoma Randonneurs / 936006,ACPB,200,2019/03/02,0,,9967
GA: Atlanta,Audax Atlanta / 910004,ACPB,200,2019/03/02,7,1.0,9798
OK: Norman,Oklahoma Randonneurs / 936006,ACPB,300,2019/03/03,0,,9968
CA: San Diego,San Diego Randonneurs / 905140,RUSAP,100,2019/03/03,2,0.0,9951
CA: San Diego,San Diego Randonneurs / 905140,ACPB,300,2019/03/09,13,4.0,9939
AZ: Tucson,PAC Tour / 949005,ACPB,200,2019/03/09,3,0.0,10006
AZ: Tucson,PAC Tour / 949005,ACPB,200,2019/03/09,0,,9927
MO: Kansas City,Audax Kansas City / 925005,ACPB,200,2019/03/09,2,0.0,9844
GA: Atlanta,Audax Atlanta / 910004,ACPB,400,2019/03/09,11,1.0,9799
NC: High Point,Bicycle For Life Club / 933057,ACPB,1000,2019/03/09,2,0.0,10362
TX: Dallas,Lone Star Randonneurs / 943026,ACPB,400,2019/03/09,7,0.0,10087
FL: Gainesville,Gainesville Cycling Club / 909005,ACPB,400,2019/03/09,26,3.0,10224
OR: Portland,Oregon Randonneurs / 937020,ACPB,300,2019/03/09,13,4.0,10462
NC: High Point,Bicycle For Life Club / 933057,ACPB,600,2019/03/09,7,0.0,10361
CA: San Francisco,San Francisco Randonneurs / 905030,ACPB,300,2019/03/09,61,11.0,9981
WA: Seattle,Seattle International Randonneurs / 947018,RUSAP,100,2019/03/09,94,22.0,10169
TX: Dallas,Lone Star Randonneurs / 943026,ACPB,200,2019/03/09,0,,10086
OR: Eugene,South Willamette Randonneurs / 937003,ACPB,200,2019/03/09,4,0.0,10402
CA: San Diego,San Diego Randonneurs / 905140,ACPB,200,2019/03/09,4,0.0,9938
OR: Portland,Oregon Randonneurs / 937020,ACPB,200,2019/03/09,15,0.0,10461
TX: Dallas,Lone Star Randonneurs / 943026,RUSAB,325,2019/03/09,2,0.0,10085
CA: San Francisco,San Francisco Randonneurs / 905030,ACPB,200,2019/03/09,7,2.0,9982
NC: Asheville,Asheville International Randonneurs / 933011,ACPB,400,2019/03/16,5,0.0,10137
TN: Nashville,Harpeth Bicycle Club / 942046,ACPB,300,2019/03/16,5,0.0,10155
UT: Salt Lake City,Salt Lake Randonneurs / 944008,RUSAP,103,2019/03/16,2,2.0,10721
MO: Kansas City,Audax Kansas City / 925005,RUSAP,103,2019/03/16,4,0.0,10708
CA: Santa Rosa,Santa Rosa Randonneurs / 905171,ACPB,200,2019/03/16,56,1.0,10060
TN: Nashville,Harpeth Bicycle Club / 942046,ACPB,200,2019/03/16,2,0.0,10154
CA: Santa Cruz,Santa Cruz Randonneurs / 905106,ACPB,400,2019/03/16,24,3.0,10071
TX: Dallas,Lone Star Randonneurs / 943026,RUSAP,100,2019/03/16,1,0.0,10720
LA: New Orleans,Crescent City Randonneurs / 918002,ACPB,300,2019/03/16,2,0.0,10303
OR: Portland,Oregon Randonneurs / 937020,RUSAP,100,2019/03/16,6,2.0,10463
CA: Santa Cruz,Santa Cruz Randonneurs / 905106,ACPB,200,2019/03/16,16,0.0,10069
CA: Santa Cruz,Santa Cruz Randonneurs / 905106,ACPB,300,2019/03/16,15,5.0,10070
WA: Seattle,Seattle International Randonneurs / 947018,ACPB,200,2019/03/16,94,4.0,10170
UT: Salt Lake City,Salt Lake Randonneurs / 944008,ACPB,200,2019/03/16,6,2.0,10407
AZ: Tucson,PAC Tour / 949005,ACPB,200,2019/03/16,0,,10003
MO: St. Louis,St Louis Randonneurs / 925006,ACPB,300,2019/03/16,6,1.0,10519
PA: Eastern,Pennsylvania Randonneurs / 938017,ACPB,200,2019/03/16,39,2.0,10037
AZ: Tucson,PAC Tour / 949005,ACPB,200,2019/03/16,3,1.0,10007
FL: Southern,South Florida Randonneurs / 909014,ACPB,600,2019/03/16,18,2.0,9865
MO: St. Louis,St Louis Randonneurs / 925006,ACPB,200,2019/03/16,5,1.0,10518
TX: Dallas,Lone Star Randonneurs / 943026,RUSAB,273,2019/03/17,7,0.0,10088
MA: Westfield,Northeast Sport Cyclists / 921033,RUSAP,100,2019/03/17,43,2.0,10383
CO: Boulder,Rocky Mountain Cycling Club / 906002,RUSAP,112,2019/03/17,20,5.0,10483
CA: Los Angeles,Channel Islands Bike Club / 905082,ACPB,600,2019/03/23,9,2.0,10428
KY: Louisville,Louisville Bicycle Club / 917002,ACPB,300,2019/03/23,6,0.0,10267
TX: Austin,Hill Country Randonneurs / 943025,ACPB,400,2019/03/23,6,0.0,9825
MA: Boston,New England Randonneurs / 921005,RUSAP,100,2019/03/23,35,1.0,10439
MO: Kansas City,Audax Kansas City / 925005,RUSAP,149,2019/03/23,1,0.0,10713
MO: Kansas City,Audax Kansas City / 925005,ACPB,200,2019/03/23,10,1.0,9845
VA: Tidewater,Tidewater Randonneurs / 946002,ACPB,200,2019/03/23,5,0.0,10051
WA: Tri-Cities,Desert River Randonneurs / 947004,ACPB,300,2019/03/23,8,2.0,10056
AL: Birmingham,Montgomery Bicycle Club / 901005,ACPB,300,2019/03/23,10,0.0,9781
MO: St. Louis,St Louis Randonneurs / 925006,ACPB,300,2019/03/23,3,0.0,10521
OH: Columbus,Ohio Randonneurs / 935012,ACPB,200,2019/03/23,15,2.0,9725
TX: Houston,Houston Randonneurs / 943030,ACPB,600,2019/03/23,3,3.0,10021
AZ: Tucson,PAC Tour / 949005,ACPB,200,2019/03/23,6,0.0,10008
CO: Boulder,Rocky Mountain Cycling Club / 906002,ACPB,200,2019/03/23,25,2.0,10484
MD: Capital Region,DC Randonneurs / 946012,ACPB,200,2019/03/23,38,1.0,10287
AZ: Tucson,PAC Tour / 949005,ACPB,200,2019/03/23,0,,9929
TX: Houston,Houston Randonneurs / 943030,ACPB,200,2019/03/23,0,,10019
MO: St. Louis,St Louis Randonneurs / 925006,ACPB,200,2019/03/23,3,0.0,10520
TX: Houston,Houston Randonneurs / 943030,ACPB,400,2019/03/23,0,,10020
CA: Los Angeles,Channel Islands Bike Club / 905082,ACPB,400,2019/03/23,28,4.0,10429
NY: Long Island,Long Island Randonneurs / 932005,RUSAP,120,2019/03/23,0,,10364
CA: San Francisco,San Francisco Randonneurs / 905030,RUSAP,109,2019/03/23,31,3.0,10619
MA: Westfield,Northeast Sport Cyclists / 921033,ACPB,200,2019/03/24,37,6.0,10384
CA: San Diego,San Diego Randonneurs / 905140,ACPB,400,2019/03/29,5,0.0,9940
TX: Dallas,Lone Star Randonneurs / 943026,ACPB,300,2019/03/30,2,1.0,10090
LA: New Orleans,Crescent City Randonneurs / 918002,ACPB,400,2019/03/30,3,0.0,10304
OR: Portland,Oregon Randonneurs / 937020,ACPB,300,2019/03/30,21,0.0,10464
GA: Atlanta,Audax Atlanta / 910004,ACPB,600,2019/03/30,8,1.0,9800
AZ: Tucson,PAC Tour / 949005,ACPB,200,2019/03/30,13,0.0,9930
MO: St. Louis,St Louis Randonneurs / 925006,ACPB,300,2019/03/30,0,,10523
MA: Boston,New England Randonneurs / 921005,ACPB,200,2019/03/30,55,2.0,10440
NE: Omaha,Nebraska Sandhills Randonneurs / 927005,ACPB,200,2019/03/30,0,,9835
NE: Omaha,Nebraska Sandhills Randonneurs / 927005,RUSAP,118,2019/03/30,0,,10718
WA: Seattle,Seattle International Randonneurs / 947018,ACPB,300,2019/03/30,77,2.0,10171
OR: Eugene,South Willamette Randonneurs / 937003,ACPB,200,2019/03/30,10,0.0,10403
MO: St. Louis,St Louis Randonneurs / 925006,ACPB,200,2019/03/30,0,,10522
AZ: Tucson,PAC Tour / 949005,ACPB,200,2019/03/30,0,,10009
VA: Northern,Fredericksburg Cyclists Club / 946018,ACPB,200,2019/03/30,10,0.0,9734
PA: Eastern,Pennsylvania Randonneurs / 938017,ACPB,300,2019/03/30,29,2.0,10038
TN: Nashville,Harpeth Bicycle Club / 942046,ACPB,400,2019/03/30,2,3.0,10157
NC: Asheville,Asheville International Randonneurs / 933011,ACPB,600,2019/03/30,7,1.0,10138
TN: Nashville,Harpeth Bicycle Club / 942046,ACPB,200,2019/03/30,0,,10156
MO: Kansas City,Audax Kansas City / 925005,ACPB,300,2019/03/30,0,,9846
TX: Dallas,Lone Star Randonneurs / 943026,ACPB,400,2019/03/30,6,0.0,10091
FL: Central,Central Florida Randonneurs / 909062,ACPB,400,2019/03/30,28,0.0,10561
AZ: Phoenix,Arizona Randonneurs / 903020,ACPB,600,2019/03/30,18,1.0,10263
CA: Davis,Davis Bike Club / 905014,ACPB,300,2019/03/30,56,3.0,10369
TX: Dallas,Lone Star Randonneurs / 943026,RUSAB,217,2019/03/30,2,0.0,10089
NY: Saratoga,Upstate NY Brevet Series / 932034,ACPB,200,2019/03/31,4,0.0,10226
NY: Central/Western,Rochester Bicycling Club / 932030,ACPB,200,2019/03/31,2,2.0,10541
AZ: Tucson,PAC Tour / 949005,ACPB,300,2019/03/31,15,0.0,9931
AZ: Tucson,PAC Tour / 949005,ACPB,400,2019/04/02,19,0.0,9932
AZ: Tucson,PAC Tour / 949005,ACPB,600,2019/04/05,14,3.0,9933
CA: Humboldt,Humboldt Randonneurs / 905176,ACPB,1000,2019/04/05,22,0.0,10509
NJ: NYC and Princeton,New Jersey Randonneurs / 930029,ACPB,200,2019/04/06,70,0.0,10196
MO: St. Louis,St Louis Randonneurs / 925006,ACPB,200,2019/04/06,2,1.0,10524
MA: Boston,New England Randonneurs / 921005,ACPB,200,2019/04/06,45,3.0,10441
MO: Kansas City,Audax Kansas City / 925005,ACPB,300,2019/04/06,15,0.0,9847
MO: Kansas City,Audax Kansas City / 925005,RUSAP,126,2019/04/06,1,1.0,10714
WA: Seattle,Seattle International Randonneurs / 947018,ACPB,300,2019/04/06,26,1.0,10172
CA: San Diego,San Diego Randonneurs / 905140,RUSAP,100,2019/04/06,5,0.0,9952
TX: Dallas,Lone Star Randonneurs / 943026,RUSAP,135,2019/04/06,4,0.0,10725
FL: Gainesville,Gainesville Cycling Club / 909005,ACPB,600,2019/04/06,13,5.0,10225
VA: Tidewater,Tidewater Randonneurs / 946002,ACPB,300,2019/04/06,4,0.0,10052
WA: Tri-Cities,Desert River Randonneurs / 947004,ACPB,200,2019/04/06,9,0.0,10057
TX: Austin,Hill Country Randonneurs / 943025,ACPB,600,2019/04/06,5,0.0,9826
MN: Twin Cities / Rochester,Minnesota Randonneurs / 923003,RUSAP,100,2019/04/06,3,0.0,10307
MO: St. Louis,St Louis Randonneurs / 925006,ACPB,600,2019/04/06,0,1.0,10527
MD: Capital Region,DC Randonneurs / 946012,ACPB,200,2019/04/06,33,1.0,10288
NC: Raleigh,North Carolina Bicycle Club / 933045,ACPB,200,2019/04/06,20,0.0,9969
CA: Los Angeles,Channel Islands Bike Club / 905082,ACPB,600,2019/04/06,25,4.0,10432
MO: St. Louis,St Louis Randonneurs / 925006,ACPB,400,2019/04/06,2,0.0,10526
CA: Los Angeles,Channel Islands Bike Club / 905082,ACPB,400,2019/04/06,5,3.0,10431
MO: St. Louis,St Louis Randonneurs / 925006,ACPB,300,2019/04/06,4,0.0,10525
MI: Detroit,Detroit Randonneurs / 922015,RUSAP,116,2019/04/06,31,4.0,9893
OR: Portland,Oregon Randonneurs / 937020,ACPB,200,2019/04/06,2,0.0,10465
CA: Santa Rosa,Santa Rosa Randonneurs / 905171,ACPB,300,2019/04/06,13,2.0,10061
CA: Los Angeles,Channel Islands Bike Club / 905082,ACPB,200,2019/04/06,7,0.0,10430
WA: Seattle,Seattle International Randonneurs / 947018,ACPB,200,2019/04/07,16,0.0,10173
CO: Boulder,Rocky Mountain Cycling Club / 906002,RUSAP,121,2019/04/07,12,0.0,10485
FL: Central,Central Florida Randonneurs / 909062,ACPB,200,2019/04/08,27,0.0,10566
FL: Central,Central Florida Randonneurs / 909062,ACPB,300,2019/04/09,22,0.0,10567
FL: Central,Central Florida Randonneurs / 909062,ACPB,400,2019/04/11,16,0.0,10568
IL: Quad Cities,Quad Cities Randonneurs / 913042,ACPB,200,2019/04/13,5,0.0,10572
TX: Dallas,Lone Star Randonneurs / 943026,ACPB,600,2019/04/13,10,3.0,10095
NY: Central/Western,Finger Lakes Randonneurs / 932007,ACPB,200,2019/04/13,2,0.0,10542
MO: St. Louis,St Louis Randonneurs / 925006,ACPB,300,2019/04/13,0,,10529
TN: Nashville,Harpeth Bicycle Club / 942046,ACPB,600,2019/04/13,5,0.0,10161
CA: San Francisco,San Francisco Randonneurs / 905030,ACPB,400,2019/04/13,62,5.0,9983
MO: St. Louis,St Louis Randonneurs / 925006,ACPB,400,2019/04/13,4,2.0,10530
NE: Omaha,Nebraska Sandhills Randonneurs / 927005,RUSAP,118,2019/04/13,2,0.0,10719
TN: Nashville,Harpeth Bicycle Club / 942046,ACPB,300,2019/04/13,1,0.0,10159
TX: Dallas,Lone Star Randonneurs / 943026,ACPB,400,2019/04/13,0,,10094
MN: Twin Cities / Rochester,Minnesota Randonneurs / 923003,RUSAP,100,2019/04/13,0,,10308
MO: St. Louis,St Louis Randonneurs / 925006,ACPB,200,2019/04/13,3,0.0,10528
TN: Nashville,Harpeth Bicycle Club / 942046,ACPB,400,2019/04/13,4,1.0,10160
CO: Boulder,Rocky Mountain Cycling Club / 906002,ACPB,200,2019/04/13,13,1.0,10486
MA: Westfield,New Horizons Cycling Club / 921009,ACPB,300,2019/04/13,33,3.0,10385
PA: Eastern,Pennsylvania Randonneurs / 938017,ACPB,400,2019/04/13,28,3.0,10039
TN: Nashville,Harpeth Bicycle Club / 942046,ACPB,200,2019/04/13,1,0.0,10158
TX: Dallas,Lone Star Randonneurs / 943026,ACPB,200,2019/04/13,0,,10093
IA: Central,Iowa Randonneurs / 915005,ACPB,200,2019/04/13,13,0.0,10343
GA: Atlanta,Audax Atlanta / 910004,ACPB,400,2019/04/13,0,,9801
NE: Omaha,Nebraska Sandhills Randonneurs / 927005,ACPB,300,2019/04/13,0,,9836
PA: Pittsburgh,Western Pennsylvania Bicycle Club / 938016,ACPB,200,2019/04/13,8,0.0,10276
TX: Dallas,Lone Star Randonneurs / 943026,RUSAB,317,2019/04/13,0,,10092
IA: Central,Iowa Randonneurs / 915005,RUSAP,110,2019/04/13,0,2.0,10342
FL: Central,Central Florida Randonneurs / 909062,ACPB,600,2019/04/13,24,7.0,10562
IL: Quad Cities,Quad Cities Randonneurs / 913042,ACPB,300,2019/04/13,1,0.0,10573
IN: Indianapolis,Indiana Randonneurs / 914005,ACPB,200,2019/04/13,14,0.0,10603
MO: Kansas City,Audax Kansas City / 925005,RUSAB,201,2019/04/13,1,0.0,10709
LA: New Orleans,Crescent City Randonneurs / 918002,ACPB,600,2019/04/13,4,0.0,10305
VA: Northern,Fredericksburg Cyclists Club / 946018,ACPB,300,2019/04/13,12,0.0,9735
MO: Kansas City,Audax Kansas City / 925005,RUSAP,130,2019/04/13,1,0.0,10710
MO: St. Louis,St Louis Randonneurs / 925006,ACPB,600,2019/04/13,0,,10531
OH: Columbus,Ohio Randonneurs / 935012,ACPB,300,2019/04/13,21,0.0,9726
CA: San Francisco,San Francisco Randonneurs / 905030,ACPB,200,2019/04/14,34,3.0,9984
CA: Santa Cruz,Santa Cruz Randonneurs / 905106,ACPB,300,2019/04/20,13,3.0,10072
MN: Twin Cities / Rochester,Minnesota Randonneurs / 923003,RUSAP,125,2019/04/20,23,4.0,10309
CO: Boulder,Rocky Mountain Cycling Club / 906002,ACPB,200,2019/04/20,32,2.0,10487
VA: Tidewater,Tidewater Randonneurs / 946002,ACPB,400,2019/04/20,5,0.0,10053
WA: Tri-Cities,Desert River Randonneurs / 947004,ACPB,400,2019/04/20,15,1.0,10058
MD: Capital Region,DC Randonneurs / 946012,ACPB,300,2019/04/20,28,3.0,10289
CA: Los Angeles,Channel Islands Bike Club / 905082,ACPB,400,2019/04/20,5,1.0,10433
MI: Detroit,Detroit Randonneurs / 922015,ACPB,200,2019/04/20,18,1.0,9909
CA: Humboldt,Humboldt Randonneurs / 905176,ACPB,200,2019/04/20,6,0.0,10254
UT: Salt Lake City,Salt Lake Randonneurs / 944008,ACPB,200,2019/04/20,15,3.0,10408
CA: Santa Cruz,Santa Cruz Randonneurs / 905106,ACPB,600,2019/04/20,9,1.0,10074
OR: Portland,Oregon Randonneurs / 937020,ACPB,300,2019/04/20,18,0.0,10466
NY: Long Island,Long Island Randonneurs / 932005,ACPB,200,2019/04/20,2,0.0,10365
CA: Santa Cruz,Santa Cruz Randonneurs / 905106,ACPB,400,2019/04/20,14,0.0,10073
UT: Salt Lake City,Salt Lake Randonneurs / 944008,RUSAP,104,2019/04/20,3,0.0,10722
IL: Chicago,Great Lakes Randonneurs / 913005,ACPB,200,2019/04/20,30,6.0,10204
NY: Central/Western,Finger Lakes Randonneurs / 932007,ACPB,200,2019/04/20,1,2.0,10543
MA: Boston,New England Randonneurs / 921005,RUSAP,100,2019/04/20,7,0.0,10442
KY: Louisville,Louisville Bicycle Club / 917002,ACPB,400,2019/04/20,4,0.0,10268
CA: Los Angeles,Channel Islands Bike Club / 905082,ACPB,600,2019/04/27,12,1.0,10435
NC: Raleigh,North Carolina Bicycle Club / 933045,ACPB,300,2019/04/27,15,1.0,9970
MT: Bozeman,Gallatin Valley Bicycle Club / 926001,ACPB,200,2019/04/27,7,1.0,10279
CA: San Diego,San Diego Randonneurs / 905140,ACPB,400,2019/04/27,2,0.0,9942
IA: Central,Iowa Randonneurs / 915005,ACPB,200,2019/04/27,0,,10345
MA: Westfield,New Horizons Cycling Club / 921009,ACPB,200,2019/04/27,16,6.0,10386
MN: Twin Cities / Rochester,Minnesota Randonneurs / 923003,ACPB,200,2019/04/27,0,1.0,10310
MO: St. Louis,St Louis Randonneurs / 925006,ACPB,600,2019/04/27,4,1.0,10535
CA: Los Angeles,Channel Islands Bike Club / 905082,ACPB,400,2019/04/27,3,0.0,10434
IA: Central,Iowa Randonneurs / 915005,RUSAP,110,2019/04/27,1,0.0,10344
CA: San Diego,San Diego Randonneurs / 905140,ACPB,600,2019/04/27,0,1.0,9943
MO: St. Louis,St Louis Randonneurs / 925006,ACPB,400,2019/04/27,1,1.0,10534
WI: Western,Driftless Randonneurs / 949007,ACPB,300,2019/04/27,0,,10231
TX: Dallas,Lone Star Randonneurs / 943026,RUSAP,111,2019/04/27,8,0.0,10729
TN: Nashville,Harpeth Bicycle Club / 942046,ACPB,600,2019/04/27,9,1.0,10164
CA: San Luis Obispo,San Luis Obispo Randonneurs / 905166,ACPB,600,2019/04/27,39,5.0,10515
MO: St. Louis,St Louis Randonneurs / 925006,ACPB,300,2019/04/27,2,0.0,10533
WI: Western,Driftless Randonneurs / 949007,ACPB,200,2019/04/27,2,0.0,10230
NY: Central/Western,Finger Lakes Randonneurs / 932007,ACPB,300,2019/04/27,3,0.0,10544
TN: Nashville,Harpeth Bicycle Club / 942046,ACPB,400,2019/04/27,7,0.0,10163
CA: Santa Rosa,Santa Rosa Randonneurs / 905171,ACPB,400,2019/04/27,9,0.0,10062
TX: Austin,Hill Country Randonneurs / 943025,ACPB,1000,2019/04/27,5,1.0,9827
MO: Kansas City,Audax Kansas City / 925005,ACPB,400,2019/04/27,6,2.0,9849
MO: St. Louis,St Louis Randonneurs / 925006,ACPB,200,2019/04/27,0,,10532
NJ: NYC and Princeton,New Jersey Randonneurs / 930029,ACPB,200,2019/04/27,76,1.0,10197
IA: Central,Iowa Randonneurs / 915005,ACPB,300,2019/04/27,0,3.0,10346
TN: Nashville,Harpeth Bicycle Club / 942046,ACPB,200,2019/04/27,0,,10162
MA: Westfield,New Horizons Cycling Club / 921009,ACPB,300,2019/04/27,0,2.0,10387
AK: Anchorage,Denali Randonneurs / 902007,ACPB,200,2019/04/27,0,,9754
NY: Saratoga,Upstate NY Brevet Series / 932034,ACPB,300,2019/04/28,5,0.0,10227
WI: Western,Driftless Randonneurs / 949007,ACPB,300,2019/05/04,6,0.0,10233
TX: Houston,Houston Randonneurs / 943030,ACPB,400,2019/05/04,1,0.0,10024
VA: Northern,Fredericksburg Cyclists Club / 946018,ACPB,400,2019/05/04,17,0.0,9736
WI: Western,Driftless Randonneurs / 949007,ACPB,200,2019/05/04,7,0.0,10232
CA: Humboldt,Humboldt Randonneurs / 905176,ACPB,300,2019/05/04,1,5.0,10255
IL: Quad Cities,Quad Cities Randonneurs / 913042,ACPB,400,2019/05/04,1,0.0,10576
AK: Anchorage,Denali Randonneurs / 902007,RUSAP,100,2019/05/04,8,0.0,9755
UT: Salt Lake City,Salt Lake Randonneurs / 944008,ACPB,200,2019/05/04,5,0.0,10409
TX: Houston,Houston Randonneurs / 943030,ACPB,200,2019/05/04,3,0.0,10023
IL: Quad Cities,Quad Cities Randonneurs / 913042,ACPB,300,2019/05/04,3,0.0,10575
OR: Portland,Oregon Randonneurs / 937020,ACPB,200,2019/05/04,5,0.0,10479
WA: Seattle,Seattle International Randonneurs / 947018,ACPB,200,2019/05/04,17,1.0,10176
IL: Chicago,Great Lakes Randonneurs / 913005,ACPB,300,2019/05/04,13,0.0,10206
NY: Central/Western,Finger Lakes Randonneurs / 932007,ACPB,200,2019/05/04,5,0.0,10545
MI: Detroit,Detroit Randonneurs / 922015,ACPB,200,2019/05/04,12,0.0,9895
OR: Portland,Oregon Randonneurs / 937020,ACPB,400,2019/05/04,19,1.0,10480
NY: Long Island,Long Island Randonneurs / 932005,ACPB,300,2019/05/04,12,1.0,10366
CA: San Diego,San Diego Randonneurs / 905140,RUSAP,106,2019/05/04,3,0.0,9953
MO: Kansas City,Audax Kansas City / 925005,RUSAB,212,2019/05/04,0,,10712
AK: Anchorage,Denali Randonneurs / 902007,ACPB,200,2019/05/04,7,2.0,9756
IL: Quad Cities,Quad Cities Randonneurs / 913042,ACPB,200,2019/05/04,0,,10574
IN: Indianapolis,Indiana Randonneurs / 914005,ACPB,300,2019/05/04,6,0.0,10604
UT: Salt Lake City,Salt Lake Randonneurs / 944008,RUSAP,103,2019/05/04,0,,10723
IL: Chicago,Great Lakes Randonneurs / 913005,ACPB,200,2019/05/04,7,6.0,10205
MA: Boston,New England Randonneurs / 921005,ACPB,200,2019/05/04,24,0.0,10443
MO: Kansas City,Audax Kansas City / 925005,RUSAB,300,2019/05/04,1,0.0,10711
MI: Detroit,Detroit Randonneurs / 922015,ACPB,300,2019/05/04,9,0.0,9896
TX: Dallas,Lone Star Randonneurs / 943026,RUSAB,202,2019/05/04,8,0.0,10096
TX: Houston,Houston Randonneurs / 943030,ACPB,600,2019/05/04,1,1.0,10025
NE: Omaha,Nebraska Sandhills Randonneurs / 927005,ACPB,400,2019/05/04,4,0.0,9837
MN: Twin Cities / Rochester,Minnesota Randonneurs / 923003,ACPB,200,2019/05/04,20,2.0,10311
WA: Seattle,Seattle International Randonneurs / 947018,ACPB,300,2019/05/05,12,4.0,10177
PA: Pittsburgh,Western Pennsylvania Bicycle Club / 938016,RUSAP,100,2019/05/05,1,0.0,10727
WA: Seattle,Seattle International Randonneurs / 947018,ACPB,400,2019/05/07,24,2.0,10178
NC: High Point,Bicycle For Life Club / 933057,RM,1200,2019/05/09,7,1.0,10363
WA: Seattle,Seattle International Randonneurs / 947018,ACPB,600,2019/05/10,22,5.0,10179
MT: Bozeman,Gallatin Valley Bicycle Club / 926001,ACPB,300,2019/05/11,5,0.0,10280
OR: Portland,Oregon Randonneurs / 937020,ACPB,400,2019/05/11,13,2.0,10469
MO: Kansas City,Audax Kansas City / 925005,ACPB,600,2019/05/11,6,0.0,9850
IL: Chicago,Great Lakes Randonneurs / 913005,ACPB,200,2019/05/11,13,1.0,10207
OH: Columbus,Ohio Randonneurs / 935012,ACPB,400,2019/05/11,10,9.0,9727
MA: Boston,New England Randonneurs / 921005,ACPB,200,2019/05/11,16,1.0,10445
OR: Portland,Oregon Randonneurs / 937020,ACPB,200,2019/05/11,5,0.0,10468
UT: Salt Lake City,Salt Lake Randonneurs / 944008,ACPB,200,2019/05/11,1,0.0,10410
WI: Western,Driftless Randonneurs / 949007,ACPB,400,2019/05/11,5,0.0,10236
MA: Westfield,New Horizons Cycling Club / 921009,ACPB,400,2019/05/11,11,3.0,10391
MD: Capital Region,DC Randonneurs / 946012,ACPB,300,2019/05/11,12,0.0,10290
TX: Dallas,Lone Star Randonneurs / 943026,RUSAB,255,2019/05/11,0,,10098
MA: Boston,New England Randonneurs / 921005,ACPB,300,2019/05/11,22,2.0,10444
MN: Twin Cities / Rochester,Minnesota Randonneurs / 923003,ACPB,300,2019/05/11,9,0.0,10313
WI: Western,Driftless Randonneurs / 949007,ACPB,300,2019/05/11,4,0.0,10235
CA: Davis,Davis Bike Club / 905014,ACPB,400,2019/05/11,23,3.0,10372
MA: Westfield,New Horizons Cycling Club / 921009,ACPB,300,2019/05/11,14,2.0,10390
NJ: NYC and Princeton,New Jersey Randonneurs / 930029,ACPB,300,2019/05/11,60,2.0,10198
TX: Dallas,Lone Star Randonneurs / 943026,RUSAP,162,2019/05/11,0,,10097
NC: Asheville,Asheville International Randonneurs / 933011,ACPB,200,2019/05/11,0,,10140
NY: Saratoga,Upstate NY Brevet Series / 932034,ACPB,400,2019/05/11,4,0.0,10228
CO: Boulder,Rocky Mountain Cycling Club / 906002,ACPB,300,2019/05/11,25,2.0,10489
CA: San Francisco,San Francisco Randonneurs / 905030,ACPB,600,2019/05/11,46,4.0,9985
MN: Twin Cities / Rochester,Minnesota Randonneurs / 923003,ACPB,200,2019/05/11,6,0.0,10312
WI: Western,Driftless Randonneurs / 949007,ACPB,200,2019/05/11,6,0.0,10234
AL: Birmingham,Montgomery Bicycle Club / 901005,RUSAP,100,2019/05/11,0,,9785
CA: San Francisco,San Francisco Randonneurs / 905030,ACPB,200,2019/05/12,17,0.0,9986
FL: Central,Central Florida Randonneurs / 909062,ACPB,1000,2019/05/16,3,0.0,10564
FL: Central,Central Florida Randonneurs / 909062,RM,1200,2019/05/16,17,6.0,10563
NY: Central/Western,Finger Lakes Randonneurs / 932007,ACPB,400,2019/05/17,4,0.0,10546
CA: San Diego,San Diego Randonneurs / 905140,ACPB,600,2019/05/17,2,4.0,9944
WI: Western,Driftless Randonneurs / 949007,ACPB,400,2019/05/18,4,0.0,10238
WA: Tri-Cities,Desert River Randonneurs / 947004,ACPB,600,2019/05/18,4,2.0,10059
NE: Omaha,Nebraska Sandhills Randonneurs / 927005,RUSAB,315,2019/05/18,1,0.0,10726
NY: Central/Western,Finger Lakes Randonneurs / 932007,ACPB,300,2019/05/18,2,0.0,10547
MN: Twin Cities / Rochester,Minnesota Randonneurs / 923003,ACPB,200,2019/05/18,0,,10315
AK: Anchorage,Denali Randonneurs / 902007,ACPB,300,2019/05/18,6,1.0,9758
WI: Western,Driftless Randonneurs / 949007,ACPB,300,2019/05/18,0,,10237
MD: Capital Region,DC Randonneurs / 946012,ACPB,400,2019/05/18,14,0.0,10291
NE: Omaha,Nebraska Sandhills Randonneurs / 927005,ACPB,400,2019/05/18,0,,9838
PA: Eastern,Pennsylvania Randonneurs / 938017,ACPB,600,2019/05/18,27,1.0,10041
IA: Central,Iowa Randonneurs / 915005,ACPB,400,2019/05/18,3,2.0,10349
NC: Raleigh,North Carolina Bicycle Club / 933045,ACPB,400,2019/05/18,11,1.0,9971
MN: Twin Cities / Rochester,Minnesota Randonneurs / 923003,RUSAP,102,2019/05/18,1,0.0,10314
CO: Boulder,Rocky Mountain Cycling Club / 906002,ACPB,600,2019/05/18,2,0.0,10492
PA: Pittsburgh,Western Pennsylvania Bicycle Club / 938016,ACPB,300,2019/05/18,3,0.0,10277
MI: Detroit,Detroit Randonneurs / 922015,ACPB,300,2019/05/18,19,2.0,9912
IN: Indianapolis,Indiana Randonneurs / 914005,ACPB,400,2019/05/18,4,2.0,10605
IA: Central,Iowa Randonneurs / 915005,ACPB,200,2019/05/18,5,0.0,10348
CA: Santa Rosa,Santa Rosa Randonneurs / 905171,ACPB,600,2019/05/18,4,0.0,10063
NE: Omaha,Nebraska Sandhills Randonneurs / 927005,ACPB,600,2019/05/18,1,0.0,9839
CA: Los Angeles,Channel Islands Bike Club / 905082,ACPB,400,2019/05/18,4,1.0,10437
CO: Boulder,Rocky Mountain Cycling Club / 906002,ACPB,400,2019/05/18,13,0.0,10491
IA: Central,Iowa Randonneurs / 915005,RUSAP,110,2019/05/18,0,,10347
KY: Louisville,Louisville Bicycle Club / 917002,ACPB,600,2019/05/18,5,2.0,10269
CA: Los Angeles,Channel Islands Bike Club / 905082,ACPB,300,2019/05/18,4,1.0,10436
WI: Western,Driftless Randonneurs / 949007,ACPB,600,2019/05/18,0,,10239
GA: Atlanta,Audax Atlanta / 910004,ACPB,600,2019/05/18,4,3.0,9802
CO: Boulder,Rocky Mountain Cycling Club / 906002,ACPB,300,2019/05/18,11,0.0,10490
AK: Anchorage,Denali Randonneurs / 902007,ACPB,200,2019/05/18,0,,9757
WA: Seattle,Seattle International Randonneurs / 947018,ACPB,400,2019/05/18,32,0.0,10180
IL: Chicago,Great Lakes Randonneurs / 913005,ACPB,300,2019/05/18,12,0.0,10614
MN: Twin Cities / Rochester,Minnesota Randonneurs / 923003,ACPB,300,2019/05/18,5,1.0,10316
FL: Central,Central Florida Randonneurs / 909062,ACPB,200,2019/05/19,5,0.0,10565
TX: Dallas,Lone Star Randonneurs / 943026,RUSAP,102,2019/05/19,7,1.0,10730
CA: Humboldt,Humboldt Randonneurs / 905176,ACPB,400,2019/05/25,0,,10256
VA: Tidewater,Tidewater Randonneurs / 946002,ACPB,600,2019/05/25,9,2.0,10054
TX: Dallas,Lone Star Randonneurs / 943026,ACPB,400,2019/05/25,0,,10102
IL: Chicago,Great Lakes Randonneurs / 913005,ACPB,200,2019/05/25,2,0.0,10208
MO: Kansas City,Audax Kansas City / 925005,ACPB,400,2019/05/25,0,,9853
UT: Salt Lake City,Salt Lake Randonneurs / 944008,ACPB,200,2019/05/25,3,2.0,10411
OR: Portland,Oregon Randonneurs / 937020,ACPB,600,2019/05/25,12,5.0,10470
CO: Boulder,Rocky Mountain Cycling Club / 906002,ACPB,600,2019/05/25,10,0.0,10493
CA: Santa Cruz,Santa Cruz Randonneurs / 905106,ACPB,600,2019/05/25,7,9.0,10076
TX: Dallas,Lone Star Randonneurs / 943026,RUSAB,211,2019/05/25,2,0.0,10099
OR: Eugene,South Willamette Randonneurs / 937003,ACPB,400,2019/05/25,6,0.0,10404
TX: Dallas,Lone Star Randonneurs / 943026,RUSAB,355,2019/05/25,1,0.0,10101
MO: Kansas City,Audax Kansas City / 925005,ACPB,600,2019/05/25,0,,9854
CA: Santa Cruz,Santa Cruz Randonneurs / 905106,ACPB,400,2019/05/25,7,2.0,10075
NJ: NYC and Princeton,New Jersey Randonneurs / 930029,ACPB,400,2019/05/25,56,6.0,10199
TX: Dallas,Lone Star Randonneurs / 943026,RUSAB,308,2019/05/25,0,,10100
UT: Salt Lake City,Salt Lake Randonneurs / 944008,RUSAP,108,2019/05/25,0,1.0,10724
MO: Kansas City,Audax Kansas City / 925005,ACPB,200,2019/05/25,2,0.0,9851
AK: Anchorage,Denali Randonneurs / 902007,ACPB,400,2019/05/25,4,4.0,9759
TX: Dallas,Lone Star Randonneurs / 943026,ACPB,1000,2019/05/25,6,0.0,10104
MO: Kansas City,Audax Kansas City / 925005,ACPB,1000,2019/05/25,0,,9855
MN: Twin Cities / Rochester,Minnesota Randonneurs / 923003,RUSAP,100,2019/05/25,7,2.0,10317
MO: Kansas City,Audax Kansas City / 925005,ACPB,300,2019/05/25,2,0.0,9852
TX: Dallas,Lone Star Randonneurs / 943026,ACPB,600,2019/05/25,4,2.0,10103
IL: Chicago,Great Lakes Randonneurs / 913005,ACPB,400,2019/05/25,11,2.0,10209
NY: Central/Western,Finger Lakes Randonneurs / 932007,ACPB,300,2019/05/25,1,0.0,10548
UT: Salt Lake City,Salt Lake Randonneurs / 944008,ACPB,300,2019/05/25,5,0.0,10412
IL: Quad Cities,Quad Cities Randonneurs / 913042,ACPB,200,2019/05/26,0,,10577
IL: Quad Cities,Quad Cities Randonneurs / 913042,ACPB,400,2019/05/26,2,0.0,10579
IL: Quad Cities,Quad Cities Randonneurs / 913042,ACPB,600,2019/05/26,5,0.0,10580
IL: Quad Cities,Quad Cities Randonneurs / 913042,ACPB,300,2019/05/26,7,0.0,10578
IL: Quad Cities,Quad Cities Randonneurs / 913042,ACPB,400,2019/05/27,1,2.0,10583
IL: Quad Cities,Quad Cities Randonneurs / 913042,ACPB,300,2019/05/27,0,,10582
IL: Quad Cities,Quad Cities Randonneurs / 913042,ACPB,200,2019/05/27,0,,10581
IL: Quad Cities,Quad Cities Randonneurs / 913042,ACPB,600,2019/05/27,0,3.0,10584
AK: Anchorage,Denali Randonneurs / 902007,ACPB,200,2019/05/27,5,0.0,9760
IL: Quad Cities,Quad Cities Randonneurs / 913042,ACPB,600,2019/05/28,1,1.0,10588
AK: Anchorage,Denali Randonneurs / 902007,ACPB,300,2019/05/28,2,0.0,9761
IL: Quad Cities,Quad Cities Randonneurs / 913042,ACPB,400,2019/05/28,0,,10587
IL: Quad Cities,Quad Cities Randonneurs / 913042,ACPB,300,2019/05/28,1,0.0,10586
IL: Quad Cities,Quad Cities Randonneurs / 913042,ACPB,200,2019/05/28,1,0.0,10585
IL: Quad Cities,Quad Cities Randonneurs / 913042,ACPB,300,2019/05/29,2,0.0,10590
IL: Quad Cities,Quad Cities Randonneurs / 913042,ACPB,600,2019/05/29,0,,10592
IL: Quad Cities,Quad Cities Randonneurs / 913042,ACPB,400,2019/05/29,0,,10591
IL: Quad Cities,Quad Cities Randonneurs / 913042,ACPB,200,2019/05/29,0,,10589
IL: Quad Cities,Quad Cities Randonneurs / 913042,ACPB,400,2019/05/30,0,,10595
IL: Quad Cities,Quad Cities Randonneurs / 913042,ACPB,300,2019/05/30,0,,10594
IL: Quad Cities,Quad Cities Randonneurs / 913042,ACPB,200,2019/05/30,0,,10593
AK: Anchorage,Denali Randonneurs / 902007,ACPB,600,2019/05/30,4,0.0,9762
IL: Quad Cities,Quad Cities Randonneurs / 913042,ACPB,600,2019/05/30,0,,10596
IL: Quad Cities,Quad Cities Randonneurs / 913042,ACPB,200,2019/05/31,0,,10597
CO: Boulder,Rocky Mountain Cycling Club / 906002,ACPB,300,2019/06/01,3,0.0,10494
WI: Western,Driftless Randonneurs / 949007,RUSAB,205,2019/06/01,5,0.0,10732
MA: Westfield,New Horizons Cycling Club / 921009,ACPB,400,2019/06/01,8,2.0,10392
PA: Pittsburgh,Western Pennsylvania Bicycle Club / 938016,ACPB,400,2019/06/01,3,0.0,10278
FL: Central,Central Florida Randonneurs / 909062,RUSAP,100,2019/06/01,26,0.0,10569
CA: San Francisco,San Francisco Randonneurs / 905030,ACPB,200,2019/06/01,9,16.0,9987
VA: Northern,Fredericksburg Cyclists Club / 946018,ACPB,600,2019/06/01,9,0.0,9737
WI: Western,Driftless Randonneurs / 949007,ACPB,600,2019/06/01,4,0.0,10242
NC: Asheville,Asheville International Randonneurs / 933011,ACPB,300,2019/06/01,4,0.0,10141
NY: Saratoga,Upstate NY Brevet Series / 932034,ACPB,600,2019/06/01,10,0.0,10229
MA: Boston,New England Randonneurs / 921005,ACPB,300,2019/06/01,18,0.0,10449
OH: Columbus,Ohio Randonneurs / 935012,ACPB,600,2019/06/01,11,1.0,9728
WI: Western,Driftless Randonneurs / 949007,ACPB,400,2019/06/01,3,1.0,10241
MA: Boston,New England Randonneurs / 921005,ACPB,200,2019/06/01,14,1.0,10448
WA: Seattle,Seattle International Randonneurs / 947018,ACPB,600,2019/06/01,50,9.0,10181
MI: Detroit,Detroit Randonneurs / 922015,ACPB,400,2019/06/01,11,5.0,9913
CA: San Diego,San Diego Randonneurs / 905140,RUSAP,119,2019/06/01,5,0.0,9954
WI: Western,Driftless Randonneurs / 949007,ACPB,300,2019/06/01,1,0.0,10240
PA: Pittsburgh,Western Pennsylvania Bicycle Club / 938016,RUSAP,100,2019/06/02,2,0.0,10731
NY: Central/Western,Finger Lakes Randonneurs / 932007,ACPB,400,2019/06/07,0,1.0,10551
OR: Portland,Oregon Randonneurs / 937020,ACPB,200,2019/06/08,1,0.0,10471
MD: Capital Region,DC Randonneurs / 946012,ACPB,600,2019/06/08,11,1.0,10292
OR: Eugene,South Willamette Randonneurs / 937003,ACPB,600,2019/06/08,7,2.0,10405
GA: Atlanta,Audax Atlanta / 910004,ACPB,200,2019/06/08,10,1.0,9803
AK: Anchorage,Denali Randonneurs / 902007,ACPB,400,2019/06/08,3,0.0,9764
IL: Quad Cities,Quad Cities Randonneurs / 913042,ACPB,300,2019/06/08,1,0.0,10599
IL: Quad Cities,Quad Cities Randonneurs / 913042,ACPB,600,2019/06/08,2,0.0,10601
IN: Indianapolis,Indiana Randonneurs / 914005,ACPB,600,2019/06/08,5,2.0,10606
NY: Central/Western,Finger Lakes Randonneurs / 932007,ACPB,600,2019/06/08,3,0.0,10552
MN: Twin Cities / Rochester,Minnesota Randonneurs / 923003,ACPB,300,2019/06/08,0,1.0,10319
MA: Boston,New England Randonneurs / 921005,ACPB,200,2019/06/08,4,0.0,10451
CA: Davis,Davis Bike Club / 905014,ACPB,600,2019/06/08,5,15.0,10373
IL: Quad Cities,Quad Cities Randonneurs / 913042,ACPB,200,2019/06/08,0,,10598
IL: Quad Cities,Quad Cities Randonneurs / 913042,ACPB,400,2019/06/08,0,,10600
MN: Twin Cities / Rochester,Minnesota Randonneurs / 923003,ACPB,400,2019/06/08,12,2.0,10320
TX: Dallas,Lone Star Randonneurs / 943026,RUSAP,100,2019/06/08,6,2.0,10105
UT: Salt Lake City,Salt Lake Randonneurs / 944008,ACPB,400,2019/06/08,4,1.0,10414
MN: Twin Cities / Rochester,Minnesota Randonneurs / 923003,ACPB,200,2019/06/08,7,1.0,10318
MA: Boston,New England Randonneurs / 921005,ACPB,400,2019/06/08,39,1.0,10450
CO: Boulder,Rocky Mountain Cycling Club / 906002,ACPB,600,2019/06/08,2,2.0,10496
NC: Raleigh,North Carolina Bicycle Club / 933045,ACPB,600,2019/06/08,6,3.0,9972
NJ: NYC and Princeton,New Jersey Randonneurs / 930029,ACPB,600,2019/06/08,57,2.0,10200
UT: Salt Lake City,Salt Lake Randonneurs / 944008,ACPB,200,2019/06/08,0,1.0,10413
CA: San Diego,San Diego Randonneurs / 905140,RUSAP,102,2019/06/08,2,0.0,10734
OR: Portland,Oregon Randonneurs / 937020,ACPB,600,2019/06/08,6,3.0,10472
CO: Boulder,Rocky Mountain Cycling Club / 906002,ACPB,400,2019/06/08,6,1.0,10495
AK: Anchorage,Denali Randonneurs / 902007,ACPB,200,2019/06/08,3,0.0,9763
MT: Bozeman,Gallatin Valley Bicycle Club / 926001,ACPB,400,2019/06/08,4,0.0,10281
IL: Chicago,Great Lakes Randonneurs / 913005,ACPB,200,2019/06/08,6,2.0,10210
WA: Seattle,Seattle International Randonneurs / 947018,ACPB,200,2019/06/09,20,0.0,10182
UT: Salt Lake City,Salt Lake Randonneurs / 944008,ACPB,600,2019/06/14,3,2.0,10422
UT: Salt Lake City,Salt Lake Randonneurs / 944008,ACPB,400,2019/06/14,1,1.0,10421
IA: Central,Iowa Randonneurs / 915005,ACPB,400,2019/06/15,1,2.0,10352
MN: Twin Cities / Rochester,Minnesota Randonneurs / 923003,ACPB,300,2019/06/15,0,1.0,10322
TX: Dallas,Lone Star Randonneurs / 943026,RUSAB,300,2019/06/15,0,,10107
PA: Eastern,Pennsylvania Randonneurs / 938017,ACPB,200,2019/06/15,15,0.0,10042
WI: Western,Driftless Randonneurs / 949007,ACPB,600,2019/06/15,2,3.0,10244
WA: Seattle,Seattle International Randonneurs / 947018,ACPB,600,2019/06/15,9,1.0,10184
IA: Central,Iowa Randonneurs / 915005,ACPB,300,2019/06/15,2,0.0,10351
CA: San Diego,San Diego Randonneurs / 905140,ACPB,300,2019/06/15,8,0.0,9946
TX: Dallas,Lone Star Randonneurs / 943026,RUSAB,210,2019/06/15,5,0.0,10106
MN: Twin Cities / Rochester,Minnesota Randonneurs / 923003,ACPB,200,2019/06/15,0,,10321
WI: Western,Driftless Randonneurs / 949007,ACPB,400,2019/06/15,1,1.0,10243
NC: Asheville,Asheville International Randonneurs / 933011,ACPB,400,2019/06/15,0,1.0,10142
WA: Seattle,Seattle International Randonneurs / 947018,ACPB,400,2019/06/15,13,0.0,10183
IA: Central,Iowa Randonneurs / 915005,ACPB,200,2019/06/15,2,0.0,10350
TX: Houston,Houston Randonneurs / 943030,ACPB,300,2019/06/15,4,0.0,10027
IL: Chicago,Great Lakes Randonneurs / 913005,ACPB,600,2019/06/15,3,0.0,10212
MI: Detroit,Detroit Randonneurs / 922015,ACPB,400,2019/06/15,1,0.0,9900
TX: Houston,Houston Randonneurs / 943030,ACPB,200,2019/06/15,2,1.0,10026
MI: Detroit,Detroit Randonneurs / 922015,ACPB,200,2019/06/15,5,0.0,9899
IL: Chicago,Great Lakes Randonneurs / 913005,ACPB,400,2019/06/15,5,0.0,10211
IA: Central,Iowa Randonneurs / 915005,ACPB,600,2019/06/15,7,2.0,10353
MN: Twin Cities / Rochester,Minnesota Randonneurs / 923003,ACPB,400,2019/06/15,9,0.0,10323
TX: Dallas,Lone Star Randonneurs / 943026,ACPB,400,2019/06/15,3,0.0,10108
MI: Detroit,Detroit Randonneurs / 922015,ACPB,600,2019/06/15,6,1.0,9901
CA: San Diego,San Diego Randonneurs / 905140,ACPB,200,2019/06/15,8,0.0,9945
VA: Northern,Northern Virginia Randonneurs / 946020,ACPB,1000,2019/06/20,10,6.0,9869
AL: Birmingham,Montgomery Bicycle Club / 901005,ACPB,200,2019/06/21,12,3.0,9786
WI: Western,Driftless Randonneurs / 949007,ACPB,1000,2019/06/21,4,1.0,10245
TX: Dallas,Lone Star Randonneurs / 943026,RUSAP,146,2019/06/22,5,0.0,10738
MA: Westfield,New Horizons Cycling Club / 921009,ACPB,600,2019/06/22,13,0.0,10393
CO: Boulder,Rocky Mountain Cycling Club / 906002,ACPB,1000,2019/06/22,1,0.0,10499
IN: Indianapolis,Indiana Randonneurs / 914005,ACPB,200,2019/06/22,7,0.0,10607
SD: Sioux Falls,Falls Area Randonneurs / 941005,ACPB,600,2019/06/22,0,,9875
NY: Central/Western,Finger Lakes Randonneurs / 932007,ACPB,600,2019/06/22,0,1.0,10553
CO: Boulder,Rocky Mountain Cycling Club / 906002,ACPB,600,2019/06/22,0,4.0,10498
GA: Atlanta,Audax Atlanta / 910004,ACPB,300,2019/06/22,16,4.0,9804
CO: Boulder,Rocky Mountain Cycling Club / 906002,ACPB,400,2019/06/22,0,,10497
AK: Anchorage,Denali Randonneurs / 902007,ACPB,600,2019/06/22,4,0.0,9765
OR: Portland,Oregon Randonneurs / 937020,ACPB,400,2019/06/22,5,0.0,10473
CA: San Francisco,San Francisco Randonneurs / 905030,ACPB,300,2019/06/22,20,0.0,10258
MA: Westfield,New Horizons Cycling Club / 921009,ACPB,200,2019/06/22,11,1.0,10395
MN: Twin Cities / Rochester,Minnesota Randonneurs / 923003,ACPB,600,2019/06/22,8,1.0,10324
MT: Bozeman,Gallatin Valley Bicycle Club / 926001,ACPB,600,2019/06/22,4,1.0,10282
WI: Western,Driftless Randonneurs / 949007,RUSAB,309,2019/06/22,0,,10739
MA: Westfield,New Horizons Cycling Club / 921009,ACPB,400,2019/06/22,2,0.0,10394
WI: Western,Driftless Randonneurs / 949007,RUSAB,207,2019/06/22,2,0.0,10740
OR: Eugene,South Willamette Randonneurs / 937003,ACPB,300,2019/06/22,6,0.0,10406
CA: Davis,Davis Bike Club / 905014,ACPB,200,2019/06/23,11,2.0,10374
MA: Westfield,New Horizons Cycling Club / 921009,ACPB,200,2019/06/23,10,1.0,10396
CA: Santa Rosa,Santa Rosa Randonneurs / 905171,ACPB,400,2019/06/25,11,0.0,10195
CA: Humboldt,Humboldt Randonneurs / 905176,ACPB,600,2019/06/27,6,6.0,10257
UT: Salt Lake City,Salt Lake Randonneurs / 944008,ACPB,400,2019/06/28,3,0.0,10416
UT: Salt Lake City,Salt Lake Randonneurs / 944008,ACPB,300,2019/06/28,2,0.0,10415
UT: Salt Lake City,Salt Lake Randonneurs / 944008,ACPB,600,2019/06/28,7,1.0,10417
MO: Kansas City,Audax Kansas City / 925005,ACPB,400,2019/06/29,0,,9856
NC: Asheville,Asheville International Randonneurs / 933011,ACPB,600,2019/06/29,2,0.0,10143
IL: Chicago,Great Lakes Randonneurs / 913005,ACPB,300,2019/06/29,12,2.0,10214
MA: Boston,New England Randonneurs / 921005,ACPB,600,2019/06/29,12,7.0,10452
MO: Kansas City,Audax Kansas City / 925005,ACPB,600,2019/06/29,0,1.0,9857
IL: Chicago,Great Lakes Randonneurs / 913005,ACPB,600,2019/06/29,8,4.0,10213
NJ: NYC and Princeton,New Jersey Randonneurs / 930029,ACPB,400,2019/06/29,21,3.0,10201
MN: Twin Cities / Rochester,Minnesota Randonneurs / 923003,RUSAP,135,2019/06/29,0,,10325
MO: Kansas City,Audax Kansas City / 925005,RUSAB,300,2019/06/29,0,,10742
WI: Western,Driftless Randonneurs / 949007,ACPB,600,2019/06/29,0,,10247
WA: Seattle,Seattle International Randonneurs / 947018,ACPB,1000,2019/06/29,0,,10187
MI: Detroit,Detroit Randonneurs / 922015,ACPB,400,2019/06/29,7,0.0,9903
TX: Dallas,Lone Star Randonneurs / 943026,ACPB,600,2019/06/29,2,2.0,10111
CA: San Francisco,San Francisco Randonneurs / 905030,ACPB,200,2019/06/29,39,3.0,9988
TX: Dallas,Lone Star Randonneurs / 943026,RUSAB,362,2019/06/29,3,0.0,10109
WI: Western,Driftless Randonneurs / 949007,ACPB,400,2019/06/29,1,0.0,10246
WA: Seattle,Seattle International Randonneurs / 947018,ACPB,600,2019/06/29,7,1.0,10186
TX: Dallas,Lone Star Randonneurs / 943026,ACPB,200,2019/06/29,0,,10110
MD: Capital Region,DC Randonneurs / 946012,ACPB,400,2019/06/29,2,0.0,10293
MI: Detroit,Detroit Randonneurs / 922015,ACPB,600,2019/06/29,5,0.0,9904
WA: Seattle,Seattle International Randonneurs / 947018,ACPB,400,2019/06/29,5,0.0,10185
MI: Detroit,Detroit Randonneurs / 922015,ACPB,200,2019/06/29,14,0.0,9917
NY: Central/Western,Finger Lakes Randonneurs / 932007,RUSAP,101,2019/06/30,1,0.0,10741
MT: Bozeman,Gallatin Valley Bicycle Club / 926001,RUSAP,100,2019/07/04,48,1.0,10283
CA: San Francisco,San Francisco Randonneurs / 905030,ACPB,600,2019/07/06,5,3.0,10510
NY: Central/Western,Finger Lakes Randonneurs / 932007,ACPB,1000,2019/07/11,13,0.0,10554
WA: Seattle,Seattle International Randonneurs / 947018,ACPB,1000,2019/07/12,7,0.0,10189
WA: Seattle,Seattle International Randonneurs / 947018,ACPB,400,2019/07/12,3,0.0,10188
IL: Chicago,Great Lakes Randonneurs / 913005,ACPB,1000,2019/07/12,17,4.0,10215
AZ: Phoenix,Arizona Randonneurs / 903020,RUSAP,120,2019/07/13,1,0.0,10703
CA: San Diego,San Diego Randonneurs / 905140,RUSAP,107,2019/07/13,2,0.0,9955
CO: Boulder,Rocky Mountain Cycling Club / 906002,ACPB,200,2019/07/13,9,2.0,10500
MN: Twin Cities / Rochester,Minnesota Randonneurs / 923003,ACPB,200,2019/07/13,13,0.0,10326
CA: San Francisco,San Francisco Randonneurs / 905030,ACPB,200,2019/07/13,20,0.0,9990
AZ: Phoenix,Arizona Randonneurs / 903020,ACPB,200,2019/07/13,5,0.0,10264
GA: Atlanta,Audax Atlanta / 910004,ACPB,200,2019/07/13,8,0.0,9805
IL: Chicago,Great Lakes Randonneurs / 913005,RUSAP,118,2019/07/13,4,0.0,10716
IL: Chicago,Great Lakes Randonneurs / 913005,ACPB,300,2019/07/13,6,0.0,10216
PA: Eastern,Pennsylvania Randonneurs / 938017,ACPB,200,2019/07/13,16,3.0,10043
CA: San Francisco,San Francisco Randonneurs / 905030,ACPB,300,2019/07/13,12,5.0,9989
CA: San Diego,San Diego Randonneurs / 905140,RUSAB,206,2019/07/13,1,0.0,10751
IL: Chicago,Great Lakes Randonneurs / 913005,RUSAP,110,2019/07/14,4,0.0,10717
WA: Tri-Cities,Desert River Randonneurs / 947004,RUSAP,132,2019/07/14,4,3.0,10753
CA: San Francisco,San Francisco Randonneurs / 905030,ACPB,200,2019/07/14,28,3.0,9991
WA: Tri-Cities,Desert River Randonneurs / 947004,RUSAB,200,2019/07/14,0,,10752
PA: Pittsburgh,Western Pennsylvania Bicycle Club / 938016,RUSAP,100,2019/07/18,2,0.0,10754
FL: Central,Central Florida Randonneurs / 909062,ACPB,200,2019/07/19,12,0.0,10570
NJ: NYC and Princeton,New Jersey Randonneurs / 930029,ACPB,200,2019/07/20,6,2.0,10203
AK: Anchorage,Denali Randonneurs / 902007,ACPB,200,2019/07/20,0,,9767
MN: Twin Cities / Rochester,Minnesota Randonneurs / 923003,RUSAP,102,2019/07/20,7,1.0,10327
TX: Houston,Houston Randonneurs / 943030,RUSAB,312,2019/07/20,5,1.0,10029
WI: Western,Driftless Randonneurs / 949007,ACPB,200,2019/07/20,5,0.0,10249
WI: Western,Driftless Randonneurs / 949007,ACPB,300,2019/07/20,1,0.0,10250
NJ: NYC and Princeton,New Jersey Randonneurs / 930029,ACPB,300,2019/07/20,18,3.0,10202
MA: Boston,New England Randonneurs / 921005,RUSAB,315,2019/07/20,11,1.0,10748
TX: Houston,Houston Randonneurs / 943030,RUSAB,207,2019/07/20,2,0.0,10028
AK: Anchorage,Denali Randonneurs / 902007,ACPB,300,2019/07/20,9,2.0,9768
MO: Kansas City,Audax Kansas City / 925005,RUSAP,104,2019/07/20,3,0.0,10747
UT: Salt Lake City,Salt Lake Randonneurs / 944008,ACPB,300,2019/07/20,4,1.0,10419
AK: Anchorage,Denali Randonneurs / 902007,RUSAP,100,2019/07/20,0,,9766
CO: Boulder,Rocky Mountain Cycling Club / 906002,ACPB,600,2019/07/20,2,2.0,10615
UT: Salt Lake City,Salt Lake Randonneurs / 944008,ACPB,200,2019/07/20,0,,10418
PA: Pittsburgh,Western Pennsylvania Bicycle Club / 938016,RUSAB,207,2019/07/20,1,0.0,10757
MN: Twin Cities / Rochester,Minnesota Randonneurs / 923003,ACPB,200,2019/07/20,3,1.0,10328
CA: Santa Rosa,Santa Rosa Randonneurs / 905171,ACPB,300,2019/07/20,13,2.0,10066
NY: Central/Western,Finger Lakes Randonneurs / 932007,RUSAP,100,2019/07/25,1,0.0,10756
CA: San Francisco,San Francisco Randonneurs / 905030,ACPB,200,2019/07/27,39,0.0,9992
MA: Boston,New England Randonneurs / 921005,RUSAB,200,2019/07/27,14,0.0,10749
WA: Seattle,Seattle International Randonneurs / 947018,ACPB,300,2019/07/27,25,1.0,10190
MA: Westfield,New Horizons Cycling Club / 921009,ACPB,300,2019/07/27,23,1.0,10397
CA: San Francisco,San Francisco Randonneurs / 905030,ACPB,400,2019/07/27,2,7.0,10511
AZ: Phoenix,Arizona Randonneurs / 903020,ACPB,300,2019/07/27,7,0.0,10265
PA: Pittsburgh,Western Pennsylvania Bicycle Club / 938016,RUSAB,200,2019/07/27,5,0.0,10735
MN: Twin Cities / Rochester,Minnesota Randonneurs / 923003,ACPB,200,2019/07/27,8,0.0,10329
WA: Seattle,Seattle International Randonneurs / 947018,ACPB,200,2019/07/28,13,1.0,10191
MN: Twin Cities / Rochester,Minnesota Randonneurs / 923003,ACPB,200,2019/07/28,0,,10331
WI: Western,Driftless Randonneurs / 949007,RUSAP,100,2019/07/28,6,0.0,10728
MN: Twin Cities / Rochester,Minnesota Randonneurs / 923003,RUSAP,100,2019/07/28,0,,10330
PA: Pittsburgh,Western Pennsylvania Bicycle Club / 938016,RUSAP,100,2019/07/7,0,,10737
CO: Boulder,Rocky Mountain Cycling Club / 906002,ACPB,300,2019/08/03,4,3.0,10501
TX: Dallas,Lone Star Randonneurs / 943026,RUSAB,300,2019/08/03,4,0.0,10744
AK: Anchorage,Denali Randonneurs / 902007,ACPB,200,2019/08/03,4,1.0,9770
MN: Twin Cities / Rochester,Minnesota Randonneurs / 923003,ACPB,200,2019/08/03,3,0.0,10332
IL: Chicago,Great Lakes Randonneurs / 913005,ACPB,200,2019/08/03,16,0.0,10218
AK: Anchorage,Denali Randonneurs / 902007,ACPB,400,2019/08/03,2,0.0,9771
CA: San Diego,San Diego Randonneurs / 905140,RUSAP,102,2019/08/03,1,0.0,9956
VA: Northern,Northern Virginia Randonneurs / 946020,ACPB,300,2019/08/03,1,0.0,9870
IL: Chicago,Great Lakes Randonneurs / 913005,ACPB,400,2019/08/03,6,0.0,10217
AK: Anchorage,Denali Randonneurs / 902007,RUSAP,100,2019/08/03,0,,9769
GA: Atlanta,Audax Atlanta / 910004,ACPB,200,2019/08/03,11,0.0,9811
PA: Eastern,Pennsylvania Randonneurs / 938017,ACPB,200,2019/08/03,5,0.0,10044
MA: Boston,New England Randonneurs / 921005,ACPB,400,2019/08/03,9,0.0,10454
TX: Dallas,Lone Star Randonneurs / 943026,RUSAB,210,2019/08/03,3,0.0,10745
CA: San Francisco,San Francisco Randonneurs / 905030,RUSAP,103,2019/08/04,34,7.0,9993
CA: San Francisco,San Francisco Randonneurs / 905030,RUSAP,112,2019/08/04,27,1.0,9994
VA: Northern,Northern Virginia Randonneurs / 946020,ACPB,200,2019/08/04,3,0.0,9871
GA: Atlanta,Audax Atlanta / 910004,RUSAP,100,2019/08/10,4,0.0,9806
MN: Twin Cities / Rochester,Minnesota Randonneurs / 923003,RUSAP,100,2019/08/10,6,0.0,10333
TX: Houston,Houston Randonneurs / 943030,RUSAB,205,2019/08/10,2,1.0,10030
UT: Salt Lake City,Salt Lake Randonneurs / 944008,ACPB,200,2019/08/10,2,1.0,10420
PA: Pittsburgh,Western Pennsylvania Bicycle Club / 938016,RUSAB,300,2019/08/10,3,0.0,10746
MN: Twin Cities / Rochester,Minnesota Randonneurs / 923003,RUSAP,101,2019/08/17,0,,10334
AK: Anchorage,Denali Randonneurs / 902007,ACPB,300,2019/08/17,0,,9773
AK: Anchorage,Denali Randonneurs / 902007,ACPB,600,2019/08/17,3,0.0,9774
TX: Dallas,Lone Star Randonneurs / 943026,ACPB,200,2019/08/17,4,0.0,10112
AL: Birmingham,Montgomery Bicycle Club / 901005,RUSAP,100,2019/08/17,6,5.0,9787
AK: Anchorage,Denali Randonneurs / 902007,ACPB,200,2019/08/17,0,,9772
CO: Boulder,Rocky Mountain Cycling Club / 906002,ACPB,200,2019/08/17,4,0.0,10502
MI: Detroit,Detroit Randonneurs / 922015,RUSAP,104,2019/08/18,9,0.0,9890
PA: Pittsburgh,Western Pennsylvania Bicycle Club / 938016,RUSAB,300,2019/08/24,2,0.0,10773
TX: Dallas,Lone Star Randonneurs / 943026,RUSAB,362,2019/08/31,0,,10113
TX: Dallas,Lone Star Randonneurs / 943026,RUSAB,411,2019/08/31,2,0.0,10755
MA: Boston,New England Randonneurs / 921005,RUSAB,200,2019/08/31,5,0.0,10455
CA: Santa Rosa,Santa Rosa Randonneurs / 905171,ACPB,200,2019/08/31,12,0.0,10067
TX: Dallas,Lone Star Randonneurs / 943026,ACPB,600,2019/08/31,2,0.0,10115
MN: Twin Cities / Rochester,Minnesota Randonneurs / 923003,ACPB,200,2019/08/31,5,0.0,10335
UT: Salt Lake City,Salt Lake Randonneurs / 944008,RUSAB,200,2019/08/31,5,0.0,10775
TX: Dallas,Lone Star Randonneurs / 943026,ACPB,200,2019/08/31,1,0.0,10114
TX: Dallas,Lone Star Randonneurs / 943026,ACPB,200,2019/09/02,3,0.0,10116
CA: Davis,Davis Bike Club / 905014,ACPB,200,2019/09/07,6,0.0,10375
IL: Chicago,Great Lakes Randonneurs / 913005,ACPB,200,2019/09/07,7,0.0,10219
IL: Chicago,Great Lakes Randonneurs / 913005,ACPB,600,2019/09/07,7,2.0,10220
PA: Eastern,Pennsylvania Randonneurs / 938017,ACPB,200,2019/09/07,19,0.0,10045
CO: Boulder,Rocky Mountain Cycling Club / 906002,ACPB,200,2019/09/07,11,1.0,10503
CA: San Diego,San Diego Randonneurs / 905140,RUSAP,109,2019/09/07,3,0.0,9957
CO: Boulder,Rocky Mountain Cycling Club / 906002,RUSAB,600,2019/09/07,2,1.0,10871
TX: Austin,Hill Country Randonneurs / 943025,RUSAP,100,2019/09/07,5,0.0,10811
PA: Pittsburgh,Western Pennsylvania Bicycle Club / 938016,RUSAB,300,2019/09/14,1,0.0,10785
GA: Atlanta,Audax Atlanta / 910004,RUSAB,200,2019/09/14,5,0.0,10618
MT: Bozeman,Gallatin Valley Bicycle Club / 926001,ACPB,200,2019/09/14,0,1.0,10284
TX: Dallas,Lone Star Randonneurs / 943026,ACPB,400,2019/09/14,4,0.0,10117
MI: Detroit,Detroit Randonneurs / 922015,ACPB,200,2019/09/14,19,0.0,9906
MN: Twin Cities / Rochester,Minnesota Randonneurs / 923003,ACPB,600,2019/09/14,2,4.0,10336
MD: Capital Region,DC Randonneurs / 946012,ACPB,200,2019/09/14,16,0.0,10294
AK: Anchorage,Denali Randonneurs / 902007,RUSAP,100,2019/09/14,2,1.0,9775
CO: Boulder,Rocky Mountain Cycling Club / 906002,ACPB,400,2019/09/14,3,0.0,10508
AL: Birmingham,Montgomery Bicycle Club / 901005,ACPB,300,2019/09/14,7,1.0,9788
NY: Central/Western,Finger Lakes Randonneurs / 932007,ACPB,200,2019/09/14,4,1.0,10555
WA: Seattle,Seattle International Randonneurs / 947018,ACPB,1000,2019/09/14,7,1.0,10192
AK: Anchorage,Denali Randonneurs / 902007,ACPB,200,2019/09/14,1,3.0,9776
SD: Sioux Falls,Falls Area Randonneurs / 941005,ACPB,200,2019/09/15,3,0.0,9876
FL: Central,Central Florida Randonneurs / 909062,RUSAB,1000,2019/09/20,0,4.0,10774
IL: Chicago,Great Lakes Randonneurs / 913005,ACPB,200,2019/09/21,18,1.0,10221
MN: Twin Cities / Rochester,Minnesota Randonneurs / 923003,ACPB,200,2019/09/21,6,1.0,10338
NC: Raleigh,North Carolina Bicycle Club / 933045,RUSAP,100,2019/09/21,7,0.0,9974
AK: Anchorage,Denali Randonneurs / 902007,RUSAP,100,2019/09/21,0,,9777
CA: San Luis Obispo,San Luis Obispo Randonneurs / 905166,ACPB,400,2019/09/21,4,1.0,10516
MN: Twin Cities / Rochester,Minnesota Randonneurs / 923003,RUSAP,123,2019/09/21,0,,10337
CA: Santa Rosa,Santa Rosa Randonneurs / 905171,ACPB,200,2019/09/21,17,2.0,10068
CA: San Diego,San Diego Randonneurs / 905140,ACPB,1000,2019/09/21,1,0.0,9947
MO: Kansas City,Audax Kansas City / 925005,ACPB,300,2019/09/21,3,0.0,9858
MO: Kansas City,Audax Kansas City / 925005,ACPB,200,2019/09/21,2,0.0,9859
NC: Raleigh,North Carolina Bicycle Club / 933045,ACPB,200,2019/09/21,5,0.0,9973
PA: Pittsburgh,Western Pennsylvania Bicycle Club / 938016,RUSAB,207,2019/09/22,5,0.0,10964
MO: Kansas City,Audax Kansas City / 925005,ACPB,200,2019/09/22,0,,9860
MO: Kansas City,Audax Kansas City / 925005,RUSAP,100,2019/09/22,0,,9861
TX: Houston,Houston Randonneurs / 943030,RUSAB,400,2019/09/28,0,,10031
MO: St. Louis,St Louis Randonneurs / 925006,ACPB,200,2019/09/28,2,0.0,10536
TX: Dallas,Lone Star Randonneurs / 943026,ACPB,300,2019/09/28,2,0.0,10119
MN: Twin Cities / Rochester,Minnesota Randonneurs / 923003,ACPB,200,2019/09/28,0,,10339
MA: Boston,New England Randonneurs / 921005,RUSAB,204,2019/09/28,6,1.0,10458
TX: Austin,Hill Country Randonneurs / 943025,RUSAB,200,2019/09/28,2,0.0,9828
TX: Dallas,Lone Star Randonneurs / 943026,ACPB,400,2019/09/28,0,,10120
TX: Dallas,Lone Star Randonneurs / 943026,ACPB,200,2019/09/28,2,0.0,10118
MA: Boston,New England Randonneurs / 921005,RUSAP,109,2019/09/28,4,12.0,10457
CA: San Francisco,San Francisco Randonneurs / 905030,ACPB,300,2019/09/28,8,5.0,9996
GA: Atlanta,Audax Atlanta / 910004,RUSAB,200,2019/09/28,5,0.0,9807
MO: St. Louis,St Louis Randonneurs / 925006,ACPB,600,2019/09/28,1,0.0,10539
TX: Dallas,Lone Star Randonneurs / 943026,RM,1200,2019/09/28,28,13.0,10123
MO: St. Louis,St Louis Randonneurs / 925006,ACPB,400,2019/09/28,1,0.0,10538
TX: Dallas,Lone Star Randonneurs / 943026,ACPB,1000,2019/09/28,1,1.0,10122
MO: St. Louis,St Louis Randonneurs / 925006,ACPB,300,2019/09/28,1,0.0,10537
IN: Indianapolis,Indiana Randonneurs / 914005,ACPB,200,2019/09/28,4,0.0,10608
TX: Dallas,Lone Star Randonneurs / 943026,ACPB,600,2019/09/28,2,0.0,10121
LA: New Orleans,Crescent City Randonneurs / 918002,RUSAB,200,2019/09/28,4,0.0,10965
MD: Capital Region,DC Randonneurs / 946012,RUSAP,100,2019/09/28,11,0.0,10733
NE: Omaha,Nebraska Sandhills Randonneurs / 927005,ACPB,400,2019/09/28,3,0.0,9840
WI: Western,Driftless Randonneurs / 949007,ACPB,200,2019/10/05,1,0.0,10251
MN: Twin Cities / Rochester,Minnesota Randonneurs / 923003,RUSAP,145,2019/10/05,0,,10340
PA: Pittsburgh,Western Pennsylvania Bicycle Club / 938016,RUSAB,300,2019/10/05,1,2.0,10993
CO: Boulder,Rocky Mountain Cycling Club / 906002,ACPB,200,2019/10/05,7,0.0,10504
LA: New Orleans,Crescent City Randonneurs / 918002,RUSAB,300,2019/10/05,1,1.0,10966
OR: Portland,Oregon Randonneurs / 937020,ACPB,200,2019/10/05,11,3.0,10477
MA: Boston,New England Randonneurs / 921005,RUSAB,200,2019/10/05,21,0.0,10786
CA: San Diego,San Diego Randonneurs / 905140,RUSAP,102,2019/10/06,6,1.0,9958
WI: Western,Driftless Randonneurs / 949007,RUSAP,100,2019/10/06,2,0.0,11228
IL: Quad Cities,Quad Cities Randonneurs / 913042,ACPB,200,2019/10/12,1,0.0,10602
PA: Eastern,Pennsylvania Randonneurs / 938017,RUSAP,150,2019/10/12,3,0.0,10047
CA: San Francisco,San Francisco Randonneurs / 905030,ACPB,200,2019/10/12,13,7.0,9999
NE: Omaha,Nebraska Sandhills Randonneurs / 927005,ACPB,600,2019/10/12,5,1.0,9841
TX: Dallas,Lone Star Randonneurs / 943026,ACPB,300,2019/10/12,4,0.0,10124
PA: Eastern,Pennsylvania Randonneurs / 938017,RUSAB,200,2019/10/12,10,0.0,10046
TX: Austin,Hill Country Randonneurs / 943025,RUSAB,300,2019/10/12,6,0.0,9829
NY: Central/Western,Finger Lakes Randonneurs / 932007,ACPB,200,2019/10/12,1,0.0,10556
MI: Detroit,Detroit Randonneurs / 922015,ACPB,200,2019/10/12,11,0.0,9907
TX: Houston,Houston Randonneurs / 943030,RUSAB,200,2019/10/12,6,0.0,10032
WI: Western,Driftless Randonneurs / 949007,ACPB,200,2019/10/12,1,1.0,10252
MA: Boston,New England Randonneurs / 921005,RUSAP,100,2019/10/12,7,0.0,11254
GA: Atlanta,Audax Atlanta / 910004,RUSAB,200,2019/10/12,8,0.0,10924
MN: Twin Cities / Rochester,Minnesota Randonneurs / 923003,ACPB,200,2019/10/12,8,1.0,10341
MA: Westfield,New Horizons Cycling Club / 921009,ACPB,200,2019/10/13,32,5.0,10398
MA: Westfield,New Horizons Cycling Club / 921009,RUSAP,100,2019/10/13,2,1.0,10400
CA: San Diego,San Diego Randonneurs / 905140,RUSAB,201,2019/10/13,4,2.0,9959
TX: Austin,Hill Country Randonneurs / 943025,RUSAP,100,2019/10/13,0,,11083
MA: Westfield,New Horizons Cycling Club / 921009,RUSAP,170,2019/10/13,6,0.0,10399
CA: San Francisco,San Francisco Randonneurs / 905030,RUSAB,200,2019/10/19,50,1.0,10000
TN: Nashville,Harpeth Bicycle Club / 942046,RUSAB,200,2019/10/19,0,,10165
WA: Seattle,Seattle International Randonneurs / 947018,RUSAP,107,2019/10/19,3,0.0,10992
WI: Western,Driftless Randonneurs / 949007,RUSAB,206,2019/10/19,7,0.0,10253
MA: Boston,New England Randonneurs / 921005,RUSAB,200,2019/10/19,0,,10459
OH: Columbus,Ohio Randonneurs / 935012,RUSAP,100,2019/10/20,16,0.0,10771
WA: Seattle,Seattle International Randonneurs / 947018,RUSAP,110,2019/10/26,32,0.0,11473
TX: Dallas,Lone Star Randonneurs / 943026,RUSAB,217,2019/10/26,1,0.0,10125
AL: Birmingham,Montgomery Bicycle Club / 901005,RUSAB,400,2019/10/26,1,2.0,10743
CA: Davis,Davis Bike Club / 905014,RUSAB,300,2019/10/26,15,0.0,10378
LA: New Orleans,Crescent City Randonneurs / 918002,RUSAB,400,2019/10/26,2,0.0,10967
CA: Davis,Davis Bike Club / 905014,RUSAB,200,2019/10/26,8,0.0,10377
CA: Davis,Davis Bike Club / 905014,RUSAP,100,2019/10/26,3,1.0,10376
TX: Dallas,Lone Star Randonneurs / 943026,RUSAB,300,2019/10/26,2,0.0,10126
CA: Los Angeles,Pacific Coast Highway Randonneurs / 905051,RUSAB,200,2019/10/27,16,1.0,10438
CO: Boulder,Rocky Mountain Cycling Club / 906002,RUSAB,205,2019/11/02,9,2.0,10506
CA: San Francisco,San Francisco Randonneurs / 905030,RUSAB,202,2019/11/02,104,1.0,10001
TX: Dallas,Lone Star Randonneurs / 943026,RUSAP,100,2019/11/02,5,0.0,11482
OR: Portland,Oregon Randonneurs / 937020,RUSAP,100,2019/11/02,10,0.0,10478
MA: Boston,New England Randonneurs / 921005,RUSAB,200,2019/11/02,3,0.0,11481
TX: Austin,Hill Country Randonneurs / 943025,RUSAB,400,2019/11/02,7,0.0,9830
PA: Eastern,Pennsylvania Randonneurs / 938017,RUSAB,200,2019/11/02,20,0.0,10048
CA: San Diego,San Diego Randonneurs / 905140,RUSAP,102,2019/11/03,6,0.0,9960
MD: Capital Region,DC Randonneurs / 946012,RUSAB,200,2019/11/09,32,0.0,10295
LA: New Orleans,Crescent City Randonneurs / 918002,RUSAB,600,2019/11/09,0,,11256
TX: Houston,Houston Randonneurs / 943030,RUSAB,202,2019/11/09,4,0.0,10033
MN: Twin Cities / Rochester,Minnesota Randonneurs / 923003,RUSAB,200,2019/11/09,4,0.0,11475
TX: Dallas,Lone Star Randonneurs / 943026,RUSAB,400,2019/11/09,4,0.0,10127
NE: Omaha,Nebraska Sandhills Randonneurs / 927005,RUSAP,100,2019/11/09,5,0.0,10770
CA: San Diego,San Diego Randonneurs / 905140,RUSAB,200,2019/11/16,7,0.0,9961
CA: Davis,Davis Bike Club / 905014,RUSAP,100,2019/11/16,34,6.0,10379
TX: Dallas,Lone Star Randonneurs / 943026,RUSAB,300,2019/11/16,7,0.0,10129
TX: Dallas,Lone Star Randonneurs / 943026,RUSAP,100,2019/11/16,0,,10128
MN: Twin Cities / Rochester,Minnesota Randonneurs / 923003,RUSAP,100,2019/11/23,9,0.0,11484
CA: Los Angeles,Pacific Coast Highway Randonneurs / 905051,RUSAP,102,2019/11/29,5,0.0,11470
TN: Nashville,Harpeth Bicycle Club / 942046,RUSAP,100,2019/11/30,0,,10166
TX: Dallas,Lone Star Randonneurs / 943026,RUSAB,210,2019/11/30,4,2.0,10131
TX: Dallas,Lone Star Randonneurs / 943026,RUSAP,100,2019/11/30,1,0.0,10130
TN: Nashville,Harpeth Bicycle Club / 942046,RUSAB,200,2019/11/30,0,,10167
CA: San Diego,San Diego Randonneurs / 905140,RUSAB,200,2019/12/01,8,0.0,11491
NY: Central/Western,Finger Lakes Randonneurs / 932007,RUSAB,200,2019/12/01,3,0.0,11490
TX: Dallas,Lone Star Randonneurs / 943026,RUSAP,103,2019/12/01,7,0.0,11495
CA: Davis,Davis Bike Club / 905014,RUSAP,100,2019/12/05,0,,11508
CA: Davis,Davis Bike Club / 905014,RUSAB,200,2019/12/05,10,0.0,11507
WA: Seattle,Seattle International Randonneurs / 947018,RUSAP,110,2019/12/05,3,0.0,11500
UT: Salt Lake City,Salt Lake Randonneurs / 944008,RUSAB,201,2019/12/06,1,0.0,11538
NC: Asheville,Asheville International Randonneurs / 933011,RUSAP,100,2019/12/06,4,0.0,11537
TX: Dallas,Lone Star Randonneurs / 943026,RUSAB,200,2019/12/07,9,0.0,10132
AL: Birmingham,Montgomery Bicycle Club / 901005,RUSAP,100,2019/12/07,7,0.0,9789
TX: Austin,Hill Country Randonneurs / 943025,RUSAB,600,2019/12/07,10,0.0,9831
MD: Capital Region,DC Randonneurs / 946012,RUSAB,213,2019/12/07,23,2.0,10296
WA: Seattle,Seattle International Randonneurs / 947018,RUSAB,200,2019/12/07,7,0.0,11502
MO: Kansas City,Audax Kansas City / 925005,RUSAB,216,2019/12/07,3,0.0,11513
CA: San Diego,San Diego Randonneurs / 905140,RUSAP,151,2019/12/07,2,0.0,9962
MN: Twin Cities / Rochester,Minnesota Randonneurs / 923003,RUSAB,200,2019/12/07,6,1.0,11476
WA: Seattle,Seattle International Randonneurs / 947018,RUSAP,105,2019/12/07,19,2.0,11501
WA: Seattle,Seattle International Randonneurs / 947018,RUSAP,102,2019/12/07,2,0.0,11506
GA: Atlanta,Audax Atlanta / 910004,RUSAB,200,2019/12/07,14,1.0,9808
PA: Eastern,Pennsylvania Randonneurs / 938017,RUSAB,200,2019/12/07,13,1.0,10049
CA: Santa Cruz,Santa Cruz Randonneurs / 905106,RUSAP,100,2019/12/07,0,,11497
CO: Boulder,Rocky Mountain Cycling Club / 906002,RUSAB,205,2019/12/07,18,1.0,10507
CA: San Francisco,San Francisco Randonneurs / 905030,RUSAB,205,2019/12/07,22,4.0,10002
UT: Salt Lake City,Salt Lake Randonneurs / 944008,RUSAB,200,2019/12/07,0,,11527
VA: Tidewater,Tidewater Randonneurs / 946002,RUSAP,100,2019/12/08,1,0.0,11515
TX: Dallas,Lone Star Randonneurs / 943026,RUSAP,103,2019/12/08,3,0.0,11525
CA: San Francisco,San Francisco Randonneurs / 905030,RUSAP,112,2019/12/08,17,0.0,11494
TX: Austin,Hill Country Randonneurs / 943025,RUSAB,240,2019/12/08,1,1.0,11493
WA: Seattle,Seattle International Randonneurs / 947018,RUSAB,206,2019/12/08,0,,11523
VA: Tidewater,Tidewater Randonneurs / 946002,RUSAB,200,2019/12/08,0,,11516
TX: Austin,Hill Country Randonneurs / 943025,RUSAP,118,2019/12/08,6,1.0,11492
TN: Nashville,Harpeth Bicycle Club / 942046,RUSAP,100,2019/12/08,1,0.0,11545
CA: Davis,Davis Bike Club / 905014,RUSAP,100,2019/12/12,0,,11510
CA: Davis,Davis Bike Club / 905014,RUSAB,200,2019/12/12,5,0.0,11509
UT: Salt Lake City,Salt Lake Randonneurs / 944008,RUSAP,100,2019/12/12,1,0.0,11563
WA: Seattle,Seattle International Randonneurs / 947018,RUSAP,105,2019/12/14,3,2.0,11503
CA: Los Angeles,Pacific Coast Highway Randonneurs / 905051,RUSAB,200,2019/12/14,8,0.0,11526
MN: Twin Cities / Rochester,Minnesota Randonneurs / 923003,RUSAB,200,2019/12/14,2,0.0,11544
WA: Seattle,Seattle International Randonneurs / 947018,RUSAB,206,2019/12/14,8,0.0,11520
TX: Austin,Hill Country Randonneurs / 943025,RUSAB,200,2019/12/14,5,0.0,9832
TX: Houston,Houston Randonneurs / 943030,RUSAB,201,2019/12/14,5,0.0,10034
FL: Central,Central Florida Randonneurs / 909062,RUSAP,100,2019/12/14,5,2.0,11559
WI: Western,Driftless Randonneurs / 949007,RUSAB,205,2019/12/14,2,0.0,11542
TX: Dallas,Lone Star Randonneurs / 943026,RUSAB,211,2019/12/14,10,0.0,10134
CA: Santa Cruz,Santa Cruz Randonneurs / 905106,RUSAP,100,2019/12/14,0,1.0,11498
MO: Kansas City,Audax Kansas City / 925005,RUSAP,110,2019/12/14,6,0.0,11541
TX: Dallas,Lone Star Randonneurs / 943026,RUSAP,114,2019/12/14,2,0.0,10133
NC: Raleigh,North Carolina Bicycle Club / 933045,RUSAP,100,2019/12/14,2,0.0,11539
FL: Southern,South Florida Randonneurs / 909014,RUSAB,200,2019/12/14,5,0.0,11557
GA: Atlanta,Audax Atlanta / 910004,RUSAP,100,2019/12/14,6,0.0,9809
CA: Los Angeles,Pacific Coast Highway Randonneurs / 905051,RUSAP,102,2019/12/15,4,1.0,11556
TX: Dallas,Lone Star Randonneurs / 943026,RUSAP,100,2019/12/15,4,0.0,11514
TX: Dallas,Lone Star Randonneurs / 943026,RUSAP,101,2019/12/15,6,1.0,11524
TX: Austin,Hill Country Randonneurs / 943025,RUSAP,100,2019/12/15,2,0.0,11564
OR: Eugene,South Willamette Randonneurs / 937003,RUSAP,100,2019/12/15,6,0.0,11522
NC: Raleigh,North Carolina Bicycle Club / 933045,RUSAB,200,2019/12/15,1,0.0,11540
CA: Davis,Davis Bike Club / 905014,RUSAP,100,2019/12/19,10,0.0,11512
CA: Davis,Davis Bike Club / 905014,RUSAB,200,2019/12/19,0,,11511
IN: Indianapolis,Indiana Randonneurs / 914005,RUSAB,200,2019/12/20,2,0.0,11585
TX: Austin,Hill Country Randonneurs / 943025,RUSAB,300,2019/12/21,2,0.0,11567
CA: San Diego,San Diego Randonneurs / 905140,RUSAB,201,2019/12/21,18,0.0,10851
NC: High Point,Bicycle For Life Club / 933057,RUSAB,200,2019/12/21,3,0.0,11573
CO: Boulder,Rocky Mountain Cycling Club / 906002,RUSAP,108,2019/12/21,10,0.0,11543
FL: Central,Central Florida Randonneurs / 909062,RUSAB,200,2019/12/21,7,0.0,11566
NJ: NYC and Princeton,New Jersey Randonneurs / 930029,RUSAB,200,2019/12/21,15,0.0,11554
CA: Santa Cruz,Santa Cruz Randonneurs / 905106,RUSAP,100,2019/12/21,3,0.0,11499
TX: Dallas,Lone Star Randonneurs / 943026,RUSAP,100,2019/12/21,7,0.0,11583
IA: Central,Iowa Randonneurs / 915005,RUSAB,200,2019/12/21,5,0.0,11517
FL: Southern,South Florida Randonneurs / 909014,RUSAP,100,2019/12/21,0,,11558
WI: Western,Driftless Randonneurs / 949007,RUSAP,100,2019/12/21,2,0.0,11576
WA: Seattle,Seattle International Randonneurs / 947018,RUSAB,200,2019/12/21,2,1.0,11505
WA: Seattle,Seattle International Randonneurs / 947018,RUSAP,100,2019/12/21,15,2.0,11504
CA: Davis,Davis Bike Club / 905014,RUSAB,204,2019/12/21,1,0.0,11586
MN: Twin Cities / Rochester,Minnesota Randonneurs / 923003,RUSAP,100,2019/12/21,5,0.0,11485
TX: Austin,Hill Country Randonneurs / 943025,RUSAP,100,2019/12/22,4,0.0,11580
NJ: NYC and Princeton,New Jersey Randonneurs / 930029,RUSAP,120,2019/12/22,12,0.0,11555
LA: New Orleans,Crescent City Randonneurs / 918002,RUSAP,100,2019/12/22,2,0.0,11572
WI: Western,Driftless Randonneurs / 949007,RUSAP,100,2019/12/22,2,0.0,11577
FL: Southern,South Florida Randonneurs / 909014,RUSAB,200,2019/12/22,0,,11560
LA: New Orleans,Crescent City Randonneurs / 918002,RUSAB,200,2019/12/22,0,,11569
TN: Nashville,Harpeth Bicycle Club / 942046,RUSAB,200,2019/12/23,1,0.0,11546
TX: Austin,Hill Country Randonneurs / 943025,RUSAP,100,2019/12/23,0,,11581
TX: Austin,Hill Country Randonneurs / 943025,RUSAP,100,2019/12/24,0,,11582
CA: San Diego,San Diego Randonneurs / 905140,RUSAB,206,2019/12/26,0,,11533
LA: New Orleans,Crescent City Randonneurs / 918002,RUSAP,100,2019/12/26,2,1.0,11571
TX: Austin,Hill Country Randonneurs / 943025,RUSAP,100,2019/12/26,0,,11587
UT: Salt Lake City,Salt Lake Randonneurs / 944008,RUSAB,200,2019/12/27,1,0.0,11574
TX: Austin,Hill Country Randonneurs / 943025,RUSAP,100,2019/12/27,0,,11588
CA: San Diego,San Diego Randonneurs / 905140,RUSAB,302,2019/12/27,2,1.0,11534
WA: Seattle,Seattle International Randonneurs / 947018,RUSAP,105,2019/12/28,13,1.0,11597
MD: Capital Region,DC Randonneurs / 946012,RUSAB,207,2019/12/28,4,0.0,11578
TX: Austin,Hill Country Randonneurs / 943025,RUSAB,300,2019/12/28,2,0.0,11589
OR: Eugene,South Willamette Randonneurs / 937003,RUSAB,200,2019/12/28,3,0.0,11595
CA: San Diego,San Diego Randonneurs / 905140,RUSAP,119,2019/12/28,3,0.0,11535
MD: Capital Region,DC Randonneurs / 946012,RUSAB,200,2019/12/28,1,0.0,11598
CO: Boulder,Rocky Mountain Cycling Club / 906002,RUSAP,104,2019/12/28,0,,11568
TX: Dallas,Lone Star Randonneurs / 943026,RUSAB,200,2019/12/29,4,0.0,11584
CA: Los Angeles,Pacific Coast Highway Randonneurs / 905051,RUSAP,108,2019/12/29,10,1.0,11536
LA: New Orleans,Crescent City Randonneurs / 918002,RUSAB,200,2019/12/29,0,2.0,11570
FL: Southern,South Florida Randonneurs / 909014,RUSAB,210,2019/12/29,5,0.0,11575
TX: Austin,Hill Country Randonneurs / 943025,RUSAB,200,2019/12/30,4,0.0,11591
TX: Austin,Hill Country Randonneurs / 943025,RUSAB,200,2019/12/31,0,,11592
CA: Davis,Davis Bike Club / 905014,RUSAP,100,2019/12/31,6,0.0,10381
CA: Davis,Davis Bike Club / 905014,RUSAB,200,2019/12/31,2,0.0,10380
